StartDate	EndDate	Status	IPAddress	Progress	Duration (in seconds)	Finished	RecordedDate	ResponseId	RecipientLastName	RecipientFirstName	RecipientEmail	ExternalReference	LocationLatitude	LocationLongitude	DistributionChannel	UserLanguage	Q1	Q2	Q3	Q4	Q5	Q5_9_TEXT	Q6	Q7	HUMS1	HUMS2	HUMS3	HUMS4	HUMS5	HUMS6	HUMS7	HUMS8	HUMS9	HUMS10	HUMS11	HUMS12	HUMS13	MAS1	MAS2	MAS3	MAS4	MAS5	MAS6	MAS7	MAS8	MAS9	MAS10	MAS11	MAS12	MAS13	MAS14	MAS15	MAS16	MAS17	MAS18	MAS19	MAS20	MAS21	MAS22	MAS23	MAS24	MAS25	MAS26	MAS27	MAS28	GOLD1-AE	GOLD2-AE	GOLD3-AE	GOLD4-AE	GOLD5-AE	GOLD6-AE	GOLD7-AE	GOLD8-AE	GOLD9-AE	GOLD1-MT	GOLD2-MT	GOLD3-MT	GOLD4-MT	GOLD5-MT	GOLD6-MT	GOLD7-MT
		IP Address		97	1558	True		SYN_0001							anonymous	EN	I consent to participate in this study	48	Prefer not to say	High school	Other		Intermediate	Country C	Sometimes	Sometimes	Almost never	Almost never	Never	Almost never	Sometimes	Never	Often	Never	Never	Never	Sometimes	Completely disagree	Strongly agree	Strongly disagree	Completely disagree	Neither agree nor disagree	Completely disagree	Strongly disagree	Strongly disagree	Strongly disagree	Completely disagree	Completely disagree	Completely disagree	Strongly disagree	Strongly disagree	Completely disagree	Completely disagree	Strongly disagree	Completely disagree	Disagree	Completely disagree	Neither agree nor disagree	Strongly disagree	Strongly agree	Completely disagree	Strongly disagree	Completely disagree	Completely disagree	Strongly disagree	Agree	Strongly disagree	Disagree	11 or more	Strongly disagree	Strongly agree	4 hrs or more	Completely agree	Strongly disagree	2	0	Agree	2	1	1	Strongly agree
		IP Address		94	238	True		SYN_0002							anonymous	EN	I consent to participate in this study	32	Male	Master's degree	Other		Native	Country C	Almost never	Never	Never	Never	Never	Often	Almost never	Sometimes	Almost never	Almost never	Never	Never	Never	Completely disagree	Completely disagree	Completely disagree	Completely disagree	Completely disagree	Completely disagree	Completely disagree	Strongly disagree	Completely disagree	Neither agree nor disagree	Strongly disagree	Completely disagree	Agree	Completely disagree	Completely disagree	Agree	Agree	Neither agree nor disagree	Disagree	Completely disagree	Disagree	Neither agree nor disagree	Completely disagree	Completely disagree	Neither agree nor disagree	Strongly disagree	Disagree	Strongly disagree	Agree	Completely disagree	Agree	3	Neither agree nor disagree	Strongly disagree	60-90 min	Strongly agree	Disagree	4-5	5 or more	Strongly disagree	7 or more	1	6 or more	Strongly disagree
		IP Address		99	315	True		SYN_0003							anonymous	EN	I consent to participate in this study	45	Male	Bachelor's degree	Other		Intermediate	Country A	Never	Sometimes	Always	Sometimes	Never	Almost never	Never	Always	Always	Almost never	Often	Never	Sometimes	Strongly disagree	Completely disagree	Strongly agree	Strongly agree	Strongly disagree	Agree	Neither agree nor disagree	Neither agree nor disagree	Strongly agree	Strongly agree	Strongly disagree	Strongly agree	Disagree	Disagree	Agree	Strongly agree	Completely disagree	Strongly agree	Disagree	Disagree	Completely disagree	Strongly agree	Neither agree nor disagree	Strongly agree	Neither agree nor disagree	Disagree	Neither agree nor disagree	Strongly agree	Completely disagree	Strongly disagree	Agree	2	Strongly disagree	Agree	2-3 hrs	Strongly disagree	Strongly agree	6-9	3-4	Strongly agree	4-6	2	4	Completely agree
		IP Address		96	264	True		SYN_0004							anonymous	EN	I consent to participate in this study	26	Female	High school	Other		Elementary	Country B	Often	Often	Sometimes	Never	Almost never	Almost never	Often	Often	Almost never	Often	Never	Almost never	Often	Agree	Strongly agree	Neither agree nor disagree	Disagree	Strongly disagree	Neither agree nor disagree	Strongly agree	Strongly disagree	Strongly agree	Strongly agree	Neither agree nor disagree	Neither agree nor disagree	Strongly disagree	Strongly disagree	Neither agree nor disagree	Agree	Strongly disagree	Disagree	Disagree	Neither agree nor disagree	Strongly disagree	Disagree	Completely disagree	Completely disagree	Agree	Strongly disagree	Agree	Strongly disagree	Agree	Agree	Disagree	3	Disagree	Agree	2 hrs	Completely agree	Strongly disagree	0	1	Completely disagree	7 or more	2	5	Agree
		IP Address		92	1402	True		SYN_0005							anonymous	EN	I consent to participate in this study	33	Prefer not to say	Doctorate	English		Advanced	Country A	Always	Often	Sometimes	Always	Always	Almost never	Always	Always	Always	Almost never	Often	Sometimes	Always	Disagree	Completely disagree	Neither agree nor disagree	Strongly agree	Strongly agree	Strongly agree	Strongly agree	Strongly agree	Completely agree	Neither agree nor disagree	Strongly agree	Completely agree	Strongly agree	Completely agree	Completely agree	Completely agree	Strongly agree	Completely agree	Strongly agree	Neither agree nor disagree	Strongly agree	Strongly agree	Completely agree	Completely agree	Completely agree	Disagree	Agree	Completely agree	Strongly disagree	Neither agree nor disagree	Neither agree nor disagree	4-6	Completely agree	Completely disagree	4 hrs or more	prefer not to say	Strongly disagree	4-5	3-4	Neither agree nor disagree	7 or more	3-5	2	Agree
		IP Address		92	923	True		SYN_0006							anonymous	EN	I consent to participate in this study	51	Male	Doctorate	English		Intermediate	Country C	Almost never	Always	Almost never	Often	Often	Always	Almost never	Sometimes	Often	Always	Always	Always	Always	Completely agree	Strongly agree	Neither agree nor disagree	Disagree	Strongly agree	Completely agree	Disagree	Strongly agree	Neither agree nor disagree	Strongly agree	Strongly agree	Completely agree	Neither agree nor disagree	Strongly agree		Neither agree nor disagree	Completely agree	Agree	Strongly agree	Neither agree nor disagree	Disagree	Agree	Agree	Strongly agree	Completely agree	Completely agree	Strongly agree	Strongly disagree	prefer not to say	Disagree	Completely agree	0	Disagree	prefer not to say	30-60 min	Completely agree	prefer not to say	2	0.5	Neither agree nor disagree	4-6	1	0	Completely disagree
		IP Address		98	1765	True		SYN_0007							anonymous	EN	I consent to participate in this study	63	Male	High school	Other		Native	Country B	Often		Never	Almost never	Never	Never	Never	Almost never	Sometimes	Sometimes	Never	Sometimes	Never	Completely disagree	Neither agree nor disagree	Completely disagree	Neither agree nor disagree	Neither agree nor disagree	Agree	Disagree	Agree	Strongly disagree	Disagree	Disagree	Completely disagree	Completely agree	Disagree	Completely disagree	Completely disagree	Agree	Completely disagree	Completely disagree	Neither agree nor disagree	Strongly disagree	Strongly disagree	Neither agree nor disagree	Disagree		Strongly agree	Completely disagree	Completely disagree	prefer not to say	Strongly disagree	Strongly agree	7-10	Strongly disagree	Disagree	prefer not to say	Completely agree	Disagree	10 or more	1	Neither agree nor disagree	1	3-5	2	Agree
		IP Address		93	1361	True		SYN_0008							anonymous	EN	I consent to participate in this study	34	Male	High school	English		Advanced	Country A	Always	Sometimes	Almost never	Sometimes	Almost never	Often	Never	Never	Sometimes	Always	Often	Often	Always	Agree	Completely disagree	Agree	Strongly disagree	Strongly agree	Completely agree	Agree	Agree	Completely agree	Agree	Strongly agree	Agree	Neither agree nor disagree	Neither agree nor disagree	Strongly agree	Strongly agree	Strongly agree	Strongly agree	Agree	Completely disagree	Agree	Strongly disagree	Neither agree nor disagree	Completely agree	Strongly disagree	Disagree	Strongly disagree	Completely disagree	Agree	Disagree	Completely disagree	2	Strongly agree	Strongly disagree	30-60 min	prefer not to say	Completely disagree	6-9	5 or more	Agree	0.5	0.5	5	Agree
		IP Address		96	354	True		SYN_0009							anonymous	EN	I consent to participate in this study	63	Female	High school	English		Advanced	Country B	Never	Always	Almost never	Sometimes	Never	Almost never	Sometimes	Often	Always	Never	Almost never	Sometimes	Almost never	Strongly disagree	Strongly disagree	Strongly agree	Disagree	Neither agree nor disagree	Strongly disagree	Completely agree	Agree	Agree	Strongly disagree	Agree	Neither agree nor disagree	Neither agree nor disagree	Agree	Disagree	Strongly disagree	Agree	Strongly disagree	Completely agree	Completely agree	Agree	Completely disagree	Strongly disagree	Neither agree nor disagree	Neither agree nor disagree	Agree	Strongly agree	Neither agree nor disagree	Agree	Completely agree	Disagree	4-6	Completely disagree	Neither agree nor disagree	0-15 min	Completely disagree	Completely disagree	6-9	3-4	Strongly disagree	4-6	3-5	6 or more	Completely disagree
		IP Address		99	1675	True		SYN_0010							anonymous	EN	I consent to participate in this study	54	Female	Bachelor's degree	Other		Intermediate	Country B	Often		Often	Always	Always	Almost never	Always	Always	Sometimes	Always	Always	Sometimes	Sometimes	Neither agree nor disagree	Completely agree	Neither agree nor disagree	Neither agree nor disagree	Disagree	Strongly agree	Strongly agree	Neither agree nor disagree	Agree	Agree	Completely agree	Strongly agree	Strongly agree	Agree	Completely agree	Completely agree	Strongly agree	Completely agree	Disagree	Strongly agree	Completely agree	Strongly agree	Strongly agree	Neither agree nor disagree	Strongly agree	Agree	Strongly disagree	Agree	Completely agree	Strongly agree	Strongly agree	2	Neither agree nor disagree	Completely disagree	2 hrs	Disagree	Agree	3	0.5	Completely disagree	2	3-5	2	prefer not to say
		IP Address		92	420	True		SYN_0011							anonymous	EN	I consent to participate in this study	38	Prefer not to say	High school	English		Intermediate	Country B	Sometimes		Always	Often	Always	Always	Always	Often	Almost never	Often	Always	Often	Often	Neither agree nor disagree	Strongly agree	Completely agree	Disagree	Neither agree nor disagree	Agree	Agree	Completely agree	Completely disagree	Neither agree nor disagree	Completely agree	Strongly agree	Completely agree	Agree	Completely agree	Completely agree	Completely agree	Completely agree	Completely agree	Completely agree	Completely agree	Agree	Completely agree	Completely agree	Neither agree nor disagree	Disagree	Agree	Completely agree	Disagree	Strongly disagree	Disagree	11 or more	Disagree	Neither agree nor disagree	0-15 min	Neither agree nor disagree	Strongly agree	4-5	3-4	Agree	2	1	6 or more	Strongly agree
		IP Address		97	1729	True		SYN_0012							anonymous	EN	I consent to participate in this study	44	Female	Master's degree	Other		Elementary	Country C	Never	Always	Almost never	Always	Never	Often	Often	Sometimes	Never	Always	Sometimes	Always	Almost never	Disagree	Disagree	Completely disagree	Disagree	Strongly agree	Neither agree nor disagree	Completely disagree	Disagree	Strongly disagree	Strongly disagree	Completely disagree	Agree	Completely disagree	Strongly disagree	Disagree	Neither agree nor disagree	Agree	Completely disagree	Completely disagree	Disagree	Strongly disagree	Completely disagree	Strongly disagree	Strongly disagree	Strongly disagree	Completely disagree	Completely disagree	Agree	Completely agree	prefer not to say	Completely disagree	2	Strongly disagree	Strongly agree	30-60 min	Strongly disagree	Agree	4-5	0.5	Neither agree nor disagree	0.5	1	0	Completely agree
		IP Address		94	1656	True		SYN_0013							anonymous	EN	I consent to participate in this study	53	Male	High school	English		Intermediate	Country C	Almost never	Almost never	Almost never	Often	Always	Often	Always	Often	Almost never	Never	Almost never	Never	Almost never	Strongly disagree	Strongly disagree	Disagree	Strongly disagree	Agree	Strongly disagree	Completely disagree	Disagree	Agree	Completely disagree	Strongly disagree	Strongly disagree	Completely disagree	Disagree	Strongly disagree	Agree	Disagree	Completely disagree	Disagree	Disagree	Strongly disagree	Strongly agree	Strongly disagree	Agree	Completely agree	Strongly agree	Strongly disagree	Completely disagree	Neither agree nor disagree	Completely agree	Strongly disagree	4-6	Completely agree	Completely disagree	30-60 min	Disagree	Disagree	4-5	3-4	prefer not to say	1	0.5	5	Strongly agree
		IP Address		97	1769	True		SYN_0014							anonymous	EN	I consent to participate in this study	22	Prefer not to say	Master's degree	Other		Elementary	Country A	Never	Never	Almost never	Never	Never	Never	Sometimes	Never	Often	Sometimes	Always	Always	Always	Agree	Neither agree nor disagree	Disagree	Disagree	Strongly agree	Strongly agree	Disagree	Disagree	Strongly disagree	Completely agree	Completely agree	Agree	Strongly disagree	Strongly disagree	Completely disagree	Strongly disagree	Strongly disagree	Disagree	Strongly disagree	Completely disagree	Completely disagree	Disagree	Completely disagree	Completely disagree	Completely disagree	Disagree	Completely disagree	Completely disagree	Completely agree	prefer not to say	Disagree	11 or more	prefer not to say	Disagree	0-15 min	Completely agree	Strongly disagree	10 or more	3-4	Completely disagree	7 or more	0	3	Completely disagree
		IP Address		97	1534	True		SYN_0015							anonymous	EN	I consent to participate in this study	36	Prefer not to say	Doctorate	English		Intermediate	Country A	Sometimes	Never	Never	Almost never	Never	Almost never	Sometimes	Sometimes		Always	Never	Never	Almost never	Completely disagree	Completely disagree	Completely disagree	Completely disagree	Completely disagree	Completely disagree	Completely disagree	Strongly disagree	Completely disagree	Completely disagree	Completely disagree	Completely disagree	Completely disagree	Disagree	Strongly disagree	Completely disagree	Completely disagree	Strongly disagree	Strongly disagree	Completely disagree	Neither agree nor disagree	Strongly disagree		Neither agree nor disagree	Completely disagree	Completely disagree	Strongly agree	Strongly disagree	Strongly disagree	Strongly agree	Neither agree nor disagree	11 or more	Disagree	Neither agree nor disagree	15-30 min	Completely disagree	Disagree	6-9	5 or more	Completely disagree	4-6	0	1	Strongly agree
		IP Address		95	1681	True		SYN_0016							anonymous	EN	I consent to participate in this study	36	Female	High school	English		Advanced	Country C	Often	Never	Sometimes	Always	Always	Sometimes	Often	Almost never	Often	Always	Sometimes	Always	Almost never	Completely agree	Neither agree nor disagree	Completely agree	Completely agree	Completely agree	Completely agree	Completely agree	Completely agree	Agree	Completely agree	Completely agree	Completely agree	Strongly agree	Disagree	Agree	Neither agree nor disagree	Agree	Disagree	Agree	Strongly agree	Neither agree nor disagree	Completely disagree	Agree	Strongly agree	Completely agree	Disagree	Strongly disagree	Completely agree	Completely agree	prefer not to say	Agree	0	Completely disagree	Disagree	2 hrs	prefer not to say	Strongly agree	1	5 or more	prefer not to say	7 or more	3-5	1	Neither agree nor disagree
		IP Address		99	393	True		SYN_0017							anonymous	EN	I consent to participate in this study	55	Male	High school	Other		Native	Country C	Never	Almost never	Often	Often	Never	Never	Never	Sometimes	Sometimes	Never	Often	Almost never	Often	Strongly disagree	Agree	Neither agree nor disagree	Completely disagree	Disagree	Completely disagree	Completely disagree	Completely disagree	Disagree	Completely agree	Strongly disagree	Neither agree nor disagree	Strongly agree	Strongly disagree	Disagree	Neither agree nor disagree	Completely agree	Strongly disagree	Completely agree	Agree	Completely disagree	Neither agree nor disagree	Disagree	Disagree	Strongly disagree	Disagree	Strongly disagree	Agree	Agree	Strongly agree	Completely agree	3	Agree	Agree	2-3 hrs	Agree	Disagree	2	0	Agree	1	0.5	3	Completely agree
		IP Address		100	1670	True		SYN_0018							anonymous	EN	I consent to participate in this study	27	Male	Master's degree	English		Advanced	Country C	Almost never	Often	Often	Almost never	Sometimes	Almost never	Almost never	Often	Always	Always	Often	Often	Almost never	Completely agree	Disagree	Strongly agree	Completely agree	Completely agree	Strongly agree	Completely agree	Completely agree	Strongly agree	Disagree	Completely agree	Completely agree	Disagree	Agree	Disagree	Strongly disagree	Strongly agree	Completely agree	Neither agree nor disagree	Strongly agree	Disagree	Neither agree nor disagree	Neither agree nor disagree	Neither agree nor disagree	Completely agree	Disagree	Completely disagree	Neither agree nor disagree	Disagree	Completely agree	prefer not to say	3	Completely disagree	Neither agree nor disagree	15-30 min	prefer not to say	Completely agree	10 or more	0	Strongly agree	3	1	1	Strongly agree
		IP Address		96	1454	True		SYN_0019							anonymous	EN	I consent to participate in this study	59	Prefer not to say	Master's degree	English		Intermediate	Country C	Sometimes	Almost never	Almost never	Almost never	Almost never	Sometimes	Never	Almost never	Sometimes	Often	Sometimes	Almost never	Often	Disagree	Completely agree	Disagree	Completely agree	Strongly agree	Neither agree nor disagree	Agree	Completely disagree	Disagree	Disagree	Strongly disagree	Neither agree nor disagree	Disagree	Strongly disagree	Completely disagree	Strongly agree	Disagree	Completely disagree	Strongly disagree	Agree	Completely disagree	Strongly disagree	Agree	Completely disagree	Disagree	Disagree	Disagree	Agree	Disagree	Completely disagree	Disagree	3	prefer not to say	Neither agree nor disagree	0-15 min	Strongly disagree	Strongly agree	0	5 or more	Agree	4-6	6-9	6 or more	Agree
		IP Address		97	804	True		SYN_0020							anonymous	EN	I consent to participate in this study	53	Female	High school	Other		Intermediate	Country C	Almost never	Almost never	Often	Often	Never	Always	Always	Almost never	Always	Almost never	Never	Often	Never	Agree	Strongly agree	Disagree	Strongly disagree	Strongly agree	Neither agree nor disagree	Agree	Neither agree nor disagree	Strongly disagree	Disagree	Agree	Neither agree nor disagree	Strongly agree	Strongly disagree	Neither agree nor disagree	Agree	Completely agree	Completely agree	Completely agree	Neither agree nor disagree	Strongly agree	Completely agree	Neither agree nor disagree	Disagree	Neither agree nor disagree	Neither agree nor disagree	Strongly disagree	Neither agree nor disagree	Strongly agree	Strongly agree	Strongly agree	7-10	prefer not to say	prefer not to say	4 hrs or more	Completely agree	Agree	4-5	0	Neither agree nor disagree	1	10 or more	3	prefer not to say
		IP Address		98	1384	True		SYN_0021							anonymous	EN	I consent to participate in this study	47	Male	Doctorate	Other		Intermediate	Country B	Sometimes	Always	Often	Often	Sometimes	Often	Often	Almost never	Never	Sometimes	Always	Often	Always	Completely agree	Agree	Agree	Disagree		Agree	Strongly agree	Disagree	Agree	Completely agree	Agree	Strongly agree	Agree	Neither agree nor disagree	Strongly agree	Completely agree	Strongly agree	Strongly agree	Agree	Strongly agree	Completely agree	Disagree	Completely agree	Agree	Strongly agree	Strongly agree	Disagree	Completely agree	Strongly agree	Completely agree	Strongly disagree	7-10	Disagree	Disagree	60-90 min	Strongly agree	Strongly disagree	1	1	prefer not to say	1	0.5	3	Completely agree
		IP Address		93	1218	True		SYN_0022							anonymous	EN	I consent to participate in this study	34	Male	Doctorate	English		Native	Country C	Always	Almost never	Sometimes	Always	Always	Never	Always	Always	Often	Sometimes	Often	Never	Often	Neither agree nor disagree	Completely disagree	Disagree	Agree	Neither agree nor disagree	Completely agree	Agree	Strongly disagree	Agree	Disagree	Disagree	Agree	Disagree	Strongly agree	Completely agree	Strongly disagree	Completely disagree	Neither agree nor disagree	Neither agree nor disagree	Strongly agree	Disagree	Neither agree nor disagree	Strongly agree	Agree	Neither agree nor disagree	Neither agree nor disagree	Completely agree	Disagree	Agree	Agree	Agree	1	Agree	Neither agree nor disagree	0-15 min	Strongly disagree	Completely agree	2	2	Completely disagree	4-6	0	6 or more	Disagree
		IP Address		98	1482	True		SYN_0023							anonymous	EN	I consent to participate in this study	59	Male	Bachelor's degree	Other		Intermediate	Country C	Never	Sometimes	Never	Often	Often	Always	Often	Often	Often	Often	Always	Often	Sometimes	Completely agree	Completely agree	Agree	Agree	Agree	Neither agree nor disagree	Strongly agree	Neither agree nor disagree		Strongly disagree	Completely agree	Strongly agree	Neither agree nor disagree	Completely agree	Disagree	Agree	Disagree	Strongly disagree	Disagree	Completely disagree	Agree	Strongly disagree	Agree	Completely disagree	Strongly agree	Disagree	Strongly disagree	Disagree	prefer not to say	Disagree	Disagree	11 or more	Strongly disagree	prefer not to say	60-90 min	Strongly disagree	Completely disagree	4-5	1.5	prefer not to say	4-6	1	1	Disagree
		IP Address		93	539	True		SYN_0024							anonymous	EN	I consent to participate in this study	38	Prefer not to say	Doctorate	English		Advanced	Country A	Almost never	Always	Almost never	Sometimes	Often	Often	Often	Sometimes	Always	Always	Always	Often	Almost never	Completely agree	Completely agree	Completely agree	Completely agree	Completely agree	Agree	Completely agree	Strongly agree	Strongly agree	Agree	Completely agree	Strongly agree	Completely disagree	Disagree	Completely disagree	Agree	Agree	Disagree	Strongly agree	Strongly agree	Strongly disagree	Agree	Strongly disagree	Completely agree	Agree	Completely disagree	Completely agree	Strongly agree	Completely disagree	Neither agree nor disagree	Neither agree nor disagree	1	Disagree	Strongly disagree	15-30 min	Disagree	prefer not to say	6-9	2	prefer not to say	1	10 or more	0	prefer not to say
		IP Address		97	1250	True		SYN_0025							anonymous	EN	I consent to participate in this study	20	Female	Bachelor's degree	English		Advanced	Country B	Almost never	Never	Never	Never	Almost never	Never	Never	Never	Always	Often	Always	Sometimes	Always	Neither agree nor disagree	Strongly agree	Neither agree nor disagree	Strongly disagree	Strongly agree	Completely agree	Completely agree	Neither agree nor disagree	Strongly agree	Strongly disagree	Agree	Disagree	Strongly disagree	Neither agree nor disagree	Completely disagree	Disagree	Completely disagree	Completely disagree	Completely disagree	Strongly disagree	Strongly disagree	Disagree	Disagree	Strongly disagree	Completely disagree	Disagree	Strongly disagree	Disagree	prefer not to say	prefer not to say	Completely agree	3	Strongly disagree	Strongly agree	30-60 min	Strongly disagree	Disagree	6-9	1	Completely disagree	4-6	0	0	Neither agree nor disagree
		IP Address		95	1523	True		SYN_0026							anonymous	EN	I consent to participate in this study	61	Female	High school	Other		Elementary	Country C	Almost never	Almost never	Almost never	Sometimes	Almost never	Almost never	Never	Often	Almost never	Almost never	Never	Sometimes	Never	Strongly disagree	Disagree		Completely disagree	Completely disagree	Neither agree nor disagree	Completely disagree	Neither agree nor disagree	Disagree	Strongly disagree	Strongly disagree	Strongly disagree	Neither agree nor disagree	Neither agree nor disagree	Completely disagree	Disagree	Completely disagree	Completely agree	Strongly disagree	Neither agree nor disagree	Strongly agree	Strongly disagree	Neither agree nor disagree	Strongly disagree	Strongly agree	Disagree	Neither agree nor disagree	Disagree	Agree	Agree	prefer not to say	7-10	Neither agree nor disagree	Completely agree	4 hrs or more	Completely agree	Disagree	1	2	Strongly disagree	0.5	2	5	Neither agree nor disagree
		IP Address		91	1332	True		SYN_0027							anonymous	EN	I consent to participate in this study	58	Female	Bachelor's degree	English		Intermediate	Country A	Never	Sometimes	Almost never	Almost never	Sometimes	Almost never	Never	Almost never	Never	Often	Never	Almost never	Never	Strongly disagree	Neither agree nor disagree	Strongly disagree	Strongly disagree	Completely disagree	Strongly disagree	Completely disagree	Disagree	Strongly agree	Completely disagree	Disagree	Neither agree nor disagree	Completely disagree	Strongly disagree	Completely disagree	Strongly agree	Completely disagree	Strongly disagree	Disagree	Completely disagree	Strongly agree	Completely disagree	Strongly disagree	Strongly disagree	Neither agree nor disagree	Disagree	Completely disagree	Completely disagree	Completely disagree	Completely agree	Completely agree	4-6	Agree	Neither agree nor disagree	30-60 min	Completely agree	Strongly agree	2	0.5	Neither agree nor disagree	4-6	0.5	6 or more	Agree
		IP Address		94	820	True		SYN_0028							anonymous	EN	I consent to participate in this study	33	Male	Doctorate	English		Elementary	Country C	Never	Sometimes	Never	Never	Sometimes	Always	Never	Always	Often	Always	Sometimes	Sometimes	Never	Neither agree nor disagree	Strongly agree	Agree	Agree	Strongly agree	Strongly agree	Disagree	Disagree	Neither agree nor disagree	Agree	Completely agree	Completely agree	Completely agree	Completely disagree	Completely disagree	Strongly agree	Completely disagree	Completely disagree	Agree	Agree	Neither agree nor disagree	Disagree	Agree	Completely disagree	Agree	Disagree	Neither agree nor disagree	Disagree	Neither agree nor disagree	Completely agree	Strongly disagree	1	prefer not to say	Strongly disagree	30-60 min	Completely disagree	Neither agree nor disagree	0	2	Completely disagree	3	6-9	0	Completely agree
		IP Address		93	476	True		SYN_0029							anonymous	EN	I consent to participate in this study	41	Prefer not to say	High school	Other		Intermediate	Country B	Often	Sometimes	Always	Always	Always	Often	Always	Always	Often		Sometimes	Always	Always	Completely agree	Agree	Strongly agree	Strongly disagree	Agree	Completely agree	Completely agree	Strongly agree	Completely agree	Strongly agree	Agree	Completely agree	Strongly agree	Completely agree	Completely agree	Completely agree	Completely agree	Agree	Completely agree	Completely agree	Completely agree	Completely agree	Completely agree	Completely agree	Strongly agree	Completely agree	Completely agree	Agree	Strongly disagree	Disagree	Neither agree nor disagree	0	Strongly agree	Disagree	0-15 min	Disagree	Strongly agree	0	5 or more	Strongly agree	7 or more	0.5	3	Strongly agree
		IP Address		100	281	True		SYN_0030							anonymous	EN	I consent to participate in this study	46	Female	Master's degree	Other		Advanced	Country C	Never	Never	Never	Never	Almost never	Almost never	Never	Never	Never	Almost never	Never	Never	Never	Completely disagree	Completely disagree	Completely disagree	Completely disagree	Completely disagree	Completely disagree	Strongly disagree	Completely disagree	Completely disagree	Completely disagree	Completely disagree	Completely disagree	Completely disagree	Completely disagree	Completely disagree	Completely disagree	Strongly disagree	Completely disagree	Completely disagree	Completely disagree	Completely disagree	Completely disagree	Completely disagree	Completely disagree		Disagree	Completely disagree	Strongly disagree	Completely agree	Disagree	Neither agree nor disagree	0	Neither agree nor disagree	Completely disagree	30-60 min	prefer not to say	Agree	2	5 or more	Strongly agree	2	0.5	3	prefer not to say
		IP Address		96	1349	True		SYN_0031							anonymous	EN	I consent to participate in this study	41	Male	Bachelor's degree	English		Elementary	Country C	Often	Often	Never	Sometimes	Often	Sometimes	Always	Often	Almost never	Almost never	Never	Sometimes	Never	Disagree	Agree	Strongly disagree	Agree	Completely agree	Disagree	Strongly disagree	Disagree	Disagree	Disagree	Neither agree nor disagree	Completely disagree	Agree	Strongly disagree	Strongly disagree	Completely agree	Agree	Strongly disagree	Strongly disagree	Strongly agree	Neither agree nor disagree	Strongly agree	Neither agree nor disagree	Strongly disagree	Agree	Strongly disagree		Completely agree	Strongly disagree	prefer not to say	Strongly agree	3	Disagree	Agree	60-90 min	Completely agree	Strongly agree	4-5	5 or more	Completely agree	4-6	6-9	1	Completely agree
		IP Address		100	715	True		SYN_0032							anonymous	EN	I consent to participate in this study	25	Prefer not to say	High school	English		Intermediate	Country A	Almost never	Always	Almost never	Almost never	Always	Never	Sometimes	Almost never	Almost never	Always	Sometimes	Often	Never	Strongly disagree	Neither agree nor disagree	Neither agree nor disagree	Disagree	Disagree	Neither agree nor disagree	Disagree	Disagree	Agree	Strongly disagree	Disagree	Neither agree nor disagree	Completely agree	Agree	Strongly agree	Strongly agree	Disagree	Agree	Neither agree nor disagree	Completely disagree	Completely disagree	Neither agree nor disagree	Disagree	Neither agree nor disagree	Disagree	Strongly disagree	Strongly disagree	Strongly agree	Strongly agree	prefer not to say	Completely agree	3	Completely disagree	Strongly agree	30-60 min	Neither agree nor disagree	Strongly agree	3	1	Disagree	0	1	5	Neither agree nor disagree
		IP Address		91	1431	True		SYN_0033							anonymous	EN	I consent to participate in this study	55	Male	Doctorate	Other		Advanced	Country C	Always	Often	Often	Never	Almost never	Almost never	Sometimes	Sometimes	Never		Never	Often	Often	Disagree	Agree	Disagree	Completely disagree	Disagree	Completely disagree	Agree	Strongly disagree	Agree	Strongly disagree	Neither agree nor disagree	Strongly disagree	Completely agree	Strongly disagree	Strongly agree	Strongly agree	Disagree	Strongly agree	Strongly agree	Agree	Strongly agree	Strongly disagree	Disagree	Strongly agree	Strongly disagree	Strongly agree	Agree	Strongly disagree	Disagree	prefer not to say	Completely agree	0	Disagree	Completely disagree	60-90 min	prefer not to say	Neither agree nor disagree	0	0	Strongly disagree	2	1	4	Neither agree nor disagree
		IP Address		99	1436	True		SYN_0034							anonymous	EN	I consent to participate in this study	20	Male	Doctorate	English		Advanced	Country A	Always	Often	Sometimes	Sometimes	Often	Always	Often	Often	Almost never	Always	Often	Often	Almost never	Neither agree nor disagree	Strongly agree	Disagree	Completely agree	Neither agree nor disagree	Completely disagree	Neither agree nor disagree	Neither agree nor disagree	Neither agree nor disagree	Strongly disagree	Completely agree	Strongly disagree	Neither agree nor disagree	Neither agree nor disagree	Completely agree	Agree	Neither agree nor disagree	Neither agree nor disagree	Neither agree nor disagree	Strongly disagree	Strongly disagree	Agree	Disagree	Agree	Strongly disagree	Completely agree	Agree	Completely agree	Completely disagree	Disagree	Strongly agree	1	Completely disagree	prefer not to say	15-30 min	Completely disagree	Neither agree nor disagree	2	0.5	Disagree	0	0.5	2	Completely disagree
		IP Address		98	404	True		SYN_0035							anonymous	EN	I consent to participate in this study	32	Prefer not to say	Bachelor's degree	Other		Elementary	Country C	Almost never	Almost never	Almost never	Sometimes	Never	Never	Almost never	Never	Almost never	Almost never	Almost never	Never	Almost never	Completely disagree	Completely disagree	Completely disagree	Completely disagree	Completely disagree	Completely disagree	Completely disagree	Completely disagree	Completely disagree	Strongly disagree	Completely disagree	Completely disagree	Strongly disagree	Neither agree nor disagree	Completely disagree	Completely disagree	Completely disagree	Agree	Strongly disagree	Completely disagree	Completely disagree	Completely agree	Completely disagree	Neither agree nor disagree	Strongly disagree	Completely disagree	Completely disagree	Completely disagree	prefer not to say	Neither agree nor disagree	Strongly agree	2	Completely disagree	Disagree	2 hrs	Agree	Disagree	3	3-4	Neither agree nor disagree	2	10 or more	1	prefer not to say
		IP Address		91	1705	True		SYN_0036							anonymous	EN	I consent to participate in this study	31	Female	Doctorate	Other		Intermediate	Country A	Often	Always	Always	Never	Always		Always	Almost never	Always	Always	Sometimes	Often	Sometimes	Strongly disagree	Strongly disagree	Strongly agree	Neither agree nor disagree	Agree	Strongly disagree	Strongly disagree	Agree	Completely disagree	Strongly agree	Neither agree nor disagree	Completely disagree	Strongly agree	Completely agree	Neither agree nor disagree	Agree	Strongly disagree	Neither agree nor disagree	Agree	Completely agree	Completely disagree	Disagree	Agree	Neither agree nor disagree	Strongly agree	Completely agree	Completely agree	Neither agree nor disagree	prefer not to say	Strongly disagree	Agree	3	Agree	Completely agree	30-60 min	Agree	Strongly disagree	1	5 or more	Strongly agree	1	0.5	0	Completely agree
		IP Address		92	937	True		SYN_0037							anonymous	EN	I consent to participate in this study	41	Male	Doctorate	English		Elementary	Country B	Never	Often	Never	Never	Almost never	Sometimes	Never	Never	Always	Almost never	Almost never	Never	Almost never	Neither agree nor disagree	Completely agree	Strongly disagree	Agree	Disagree	Agree	Strongly agree	Strongly agree	Strongly disagree	Completely agree	Disagree	Completely disagree	Strongly disagree	Strongly disagree	Completely disagree	Agree	Strongly disagree	Completely disagree	Completely disagree	Agree	Disagree	Disagree	Completely disagree	Completely disagree	Neither agree nor disagree	Disagree	Strongly disagree	Neither agree nor disagree	prefer not to say	Disagree	Strongly agree	4-6	Neither agree nor disagree	Completely agree	2-3 hrs	Completely agree	Agree	4-5	5 or more	Completely disagree	4-6	1	3	Neither agree nor disagree
		IP Address		92	348	True		SYN_0038							anonymous	EN	I consent to participate in this study	22	Male	Doctorate	Other		Elementary	Country B	Never	Often	Never	Always	Sometimes	Never	Sometimes	Often	Often	Often	Sometimes	Never	Often	Strongly agree	Neither agree nor disagree	Strongly agree	Completely agree	Strongly disagree	Agree	Strongly agree	Completely agree	Completely agree	Neither agree nor disagree	Completely agree	Disagree	Strongly disagree	Completely disagree	Completely disagree	Strongly disagree	Strongly disagree	Completely disagree	Strongly disagree	Neither agree nor disagree	Strongly agree	Strongly disagree	Completely disagree	Disagree	Completely disagree	Strongly disagree	Completely disagree	Strongly disagree	Disagree	Neither agree nor disagree	Completely agree	7-10	Disagree	Disagree	2 hrs	Completely disagree	Disagree	0	1.5	Neither agree nor disagree	0	3-5	3	Strongly agree
		IP Address		97	469	True		SYN_0039							anonymous	EN	I consent to participate in this study	36	Prefer not to say	Master's degree	Other		Elementary	Country C	Almost never	Sometimes	Sometimes	Almost never	Always	Always	Never	Always	Sometimes	Never	Always	Always	Almost never	Disagree	Completely agree	Completely agree	Agree	Strongly agree	Completely agree	Agree	Neither agree nor disagree	Strongly agree	Strongly agree	Completely agree	Neither agree nor disagree	Strongly disagree	Strongly disagree	Strongly disagree	Agree	Neither agree nor disagree	Neither agree nor disagree	Neither agree nor disagree	Disagree	Disagree	Strongly disagree	Agree	Agree	Disagree	Completely disagree	Neither agree nor disagree	Neither agree nor disagree	Completely agree	Completely agree	Strongly disagree	3	Strongly disagree	Strongly agree	2 hrs	Strongly disagree	Disagree	0	1	Agree	4-6	2	3	Agree
		IP Address		97	1054	True		SYN_0040							anonymous	EN	I consent to participate in this study	23	Prefer not to say	Bachelor's degree	Other		Elementary	Country B	Often	Often	Always	Always	Always	Always	Almost never	Sometimes	Always	Sometimes	Almost never	Often	Almost never	Strongly disagree	Neither agree nor disagree	Neither agree nor disagree	Disagree	Completely agree	Disagree	Neither agree nor disagree	Strongly agree	Strongly disagree	Agree	Strongly agree	Neither agree nor disagree	Strongly agree	Neither agree nor disagree	Neither agree nor disagree	Strongly disagree	Completely agree	Completely agree	Disagree	Completely agree	Strongly agree	Neither agree nor disagree	Strongly agree	Completely agree	Agree	Completely agree	Completely agree	Agree	Disagree	Strongly disagree	prefer not to say	2	Strongly disagree	prefer not to say	2 hrs	Completely agree	Completely disagree	10 or more	1	Disagree	2	2	4	prefer not to say
		IP Address		100	1775	True		SYN_0041							anonymous	EN	I consent to participate in this study	35	Male	Doctorate	English		Intermediate	Country A	Always	Sometimes	Almost never	Sometimes	Always	Never	Always	Often	Always	Never	Almost never	Sometimes	Sometimes	Strongly agree	Completely disagree	Disagree	Strongly agree	Strongly disagree	Agree	Disagree	Neither agree nor disagree	Agree	Completely agree	Agree	Disagree	Disagree	Strongly disagree	Strongly disagree	Completely disagree	Strongly disagree	Completely agree	Completely agree	Strongly agree	Neither agree nor disagree	Neither agree nor disagree	Strongly agree	Strongly agree	Strongly disagree	Strongly agree	Strongly agree	Disagree	Disagree	Disagree	prefer not to say	7-10	Strongly agree	Agree	0-15 min	Completely agree	Completely disagree	0	1.5	Agree	1	3-5	0	Completely agree
		IP Address		99	684	True		SYN_0042							anonymous	EN	I consent to participate in this study	56	Female	Doctorate	Other		Intermediate	Country C	Sometimes	Sometimes	Never	Often	Almost never	Almost never	Never	Almost never	Sometimes	Always	Almost never	Always	Almost never	Strongly disagree	Neither agree nor disagree	Strongly disagree	Completely disagree	Completely disagree	Completely disagree	Disagree	Agree	Agree	Strongly agree	Disagree	Disagree	Completely disagree	Completely disagree	Strongly disagree	Strongly disagree	Strongly disagree	Disagree	Neither agree nor disagree	Agree	Completely disagree	Completely disagree	Neither agree nor disagree	Strongly disagree	Completely agree	Strongly disagree	Agree	Completely disagree	Strongly agree	Completely disagree	Completely agree	7-10	Disagree	Completely agree	60-90 min	Strongly agree	Agree	3	0.5	Completely agree	4-6	3-5	0	Completely agree
		IP Address		91	809	True		SYN_0043							anonymous	EN	I consent to participate in this study	62	Female	Bachelor's degree	Other		Native	Country A	Always	Often	Almost never	Almost never	Sometimes	Always	Often	Often	Always	Always	Almost never	Always	Always	Completely agree	Completely agree	Completely agree	Strongly agree	Completely agree	Completely agree	Completely agree	Neither agree nor disagree	Completely agree	Completely agree	Completely agree	Completely agree	Completely agree	Completely agree	Completely agree	Completely agree	Completely agree	Completely agree	Neither agree nor disagree	Completely agree	Completely agree	Strongly agree	Completely agree	Agree	Agree	Strongly agree	Disagree	Completely agree	prefer not to say	prefer not to say	Completely disagree	3	Strongly disagree	Agree	4 hrs or more	Agree	prefer not to say	4-5	1	Disagree	4-6	1	2	Completely agree
		IP Address		97	569	True		SYN_0044							anonymous	EN	I consent to participate in this study	46	Male	Master's degree	Other		Elementary	Country A	Sometimes	Sometimes	Almost never	Often	Sometimes	Often	Never	Never	Sometimes	Never	Sometimes	Often	Sometimes	Completely disagree	Strongly agree	Completely disagree	Disagree	Completely disagree	Strongly agree	Completely disagree	Disagree	Strongly disagree	Neither agree nor disagree	Strongly agree	Strongly agree	Strongly agree	Strongly agree	Completely disagree	Strongly agree	Strongly disagree	Disagree	Disagree	Disagree	Agree	Agree	Strongly agree	Completely disagree	Completely disagree	Disagree	Strongly agree	Completely disagree	Agree	Neither agree nor disagree	Neither agree nor disagree	11 or more	Strongly disagree	Disagree	prefer not to say	Completely agree	Neither agree nor disagree	4-5	1.5	Completely disagree	0	10 or more	1	Disagree
		IP Address		91	660	True		SYN_0045							anonymous	EN	I consent to participate in this study	54	Male	Doctorate	Other		Elementary	Country C	Sometimes	Almost never	Almost never	Always	Often	Always	Never	Always	Almost never	Almost never	Sometimes	Often	Sometimes	Disagree	Neither agree nor disagree	Strongly agree	Neither agree nor disagree	Agree	Strongly agree	Disagree	Agree	Disagree	Completely agree	Neither agree nor disagree	Strongly disagree	Strongly agree	Strongly agree	Neither agree nor disagree	Neither agree nor disagree		Neither agree nor disagree	Completely disagree	Strongly agree	Agree	Disagree	Agree	Agree	Disagree	Strongly disagree	Agree	Disagree	Completely agree	Disagree	Strongly disagree	2	Strongly disagree	prefer not to say	2 hrs	Completely disagree	Completely agree	6-9	0.5	Disagree	2	10 or more	6 or more	Agree
		IP Address		100	1141	True		SYN_0046							anonymous	EN	I consent to participate in this study	34	Prefer not to say	Master's degree	Other		Advanced	Country B	Almost never	Sometimes	Sometimes	Always	Sometimes	Never	Often	Never	Almost never	Almost never	Often	Sometimes	Sometimes	Strongly agree	Neither agree nor disagree	Completely agree	Completely disagree	Strongly agree	Strongly agree	Strongly disagree	Completely disagree	Completely agree	Completely agree	Neither agree nor disagree	Strongly disagree	Agree	Strongly agree	Agree	Neither agree nor disagree	Disagree	Neither agree nor disagree	Strongly agree	Neither agree nor disagree	Completely disagree	Completely disagree	Neither agree nor disagree	Strongly disagree	Neither agree nor disagree	Neither agree nor disagree	Neither agree nor disagree	Strongly agree	Completely disagree	Disagree	Agree	0	Strongly agree	Strongly disagree	30-60 min	Completely agree	Completely disagree	0	2	Agree	2	2	1	Strongly disagree
		IP Address		99	557	True		SYN_0047							anonymous	EN	I consent to participate in this study	33	Prefer not to say	Doctorate	Other		Advanced	Country B	Sometimes	Sometimes	Often	Never	Often	Always	Sometimes	Always	Sometimes	Always	Almost never	Almost never	Never	Completely agree	Agree	Agree	Strongly disagree	Strongly disagree	Neither agree nor disagree	Agree	Neither agree nor disagree	Strongly agree	Disagree	Strongly agree	Disagree	Strongly disagree	Neither agree nor disagree	Agree	Completely agree	Completely agree	Strongly agree	Strongly agree	Completely agree	Completely disagree	Agree	Completely agree	Agree	Agree	Completely agree	Completely agree	Agree	Disagree	Neither agree nor disagree	Agree	7-10	prefer not to say	Neither agree nor disagree	60-90 min	Strongly agree	Neither agree nor disagree	2	1.5	Neither agree nor disagree	2	2	1	Completely agree
		IP Address		98	367	True		SYN_0048							anonymous	EN	I consent to participate in this study	54	Female	Master's degree	English		Advanced	Country C	Always	Often	Sometimes	Sometimes	Often	Always	Always	Always	Almost never	Always	Always	Sometimes	Almost never	Agree	Agree	Neither agree nor disagree	Neither agree nor disagree	Completely agree	Strongly agree	Strongly agree	Strongly agree	Completely agree	Strongly disagree	Neither agree nor disagree	Strongly agree	Agree	Completely agree	Completely agree	Completely agree	Strongly agree	Neither agree nor disagree	Agree	Completely agree	Completely agree	Strongly agree	Strongly agree	Strongly agree	Completely agree	Strongly agree	Completely agree	Agree	Strongly agree	Completely agree	Strongly agree	3	prefer not to say	prefer not to say	prefer not to say	prefer not to say	Agree	10 or more	1	Agree	0.5	2	6 or more	Neither agree nor disagree
		IP Address		99	932	True		SYN_0049							anonymous	EN	I consent to participate in this study	49	Female	Doctorate	English		Intermediate	Country C	Always	Sometimes	Often	Always	Often	Often	Never	Sometimes	Always	Never	Sometimes	Always	Never	Neither agree nor disagree	Strongly agree	Completely agree	Neither agree nor disagree	Neither agree nor disagree	Agree	Agree	Disagree	Completely agree	Strongly agree	Agree	Disagree	Agree	Completely agree	Strongly agree	Disagree	Disagree	Completely agree	Strongly agree	Neither agree nor disagree	Strongly agree	Agree	Strongly agree	Disagree	Completely agree	Strongly disagree	Neither agree nor disagree	Completely agree	Strongly disagree	Agree	Neither agree nor disagree	7-10	prefer not to say	Completely disagree	30-60 min	Completely disagree	Completely agree	6-9	0	prefer not to say	0.5	6-9	2	Neither agree nor disagree
		IP Address		99	972	True		SYN_0050							anonymous	EN	I consent to participate in this study	53	Female	Bachelor's degree	Other		Native	Country C	Often	Almost never	Often	Always	Sometimes		Almost never	Almost never	Sometimes	Often	Never	Often	Almost never	Completely agree	Completely agree	Agree	Completely agree	Completely agree	Disagree	Strongly agree	Neither agree nor disagree	Strongly disagree	Agree	Neither agree nor disagree	Neither agree nor disagree	Disagree	Strongly agree	Completely agree	Agree	Disagree	Disagree	Strongly agree	Strongly agree	Strongly disagree	Disagree		Agree	Agree	Strongly agree	Disagree		Strongly disagree	Disagree	Neither agree nor disagree	1	Agree	Neither agree nor disagree	0-15 min	Strongly agree	Strongly agree	10 or more	1	Strongly disagree	0.5	0	3	Neither agree nor disagree
		IP Address		100	552	True		SYN_0051							anonymous	EN	I consent to participate in this study	49	Prefer not to say	Bachelor's degree	Other		Intermediate	Country C		Almost never	Almost never	Sometimes	Often	Often	Never	Almost never	Always	Often	Sometimes	Almost never	Often	Strongly agree	Completely agree	Completely agree	Completely disagree	Completely agree	Completely disagree	Completely agree	Completely agree	Neither agree nor disagree	Strongly agree	Completely agree	Completely agree	Completely disagree	Strongly agree	Completely disagree	Disagree	Agree	Strongly disagree	Completely agree	Disagree	Completely disagree	Disagree	Strongly disagree	Agree	Strongly agree	Strongly agree	Disagree	Neither agree nor disagree	Strongly agree	Disagree	Strongly disagree	7-10	Strongly agree	Strongly agree	4 hrs or more	Strongly disagree	Strongly disagree	2	1	Disagree	2	3-5	6 or more	Agree
		IP Address		95	648	True		SYN_0052							anonymous	EN	I consent to participate in this study	42	Female	Bachelor's degree	Other		Elementary	Country B	Almost never	Never	Never	Never	Almost never	Never	Often	Never	Often	Never	Often	Sometimes	Sometimes	Strongly agree	Agree	Agree	Strongly agree	Agree	Disagree	Strongly agree	Disagree	Neither agree nor disagree	Completely agree	Completely agree	Neither agree nor disagree	Strongly disagree	Completely disagree	Disagree	Disagree	Completely disagree	Disagree	Strongly agree	Completely disagree	Disagree	Neither agree nor disagree	Disagree	Neither agree nor disagree	Strongly disagree	Strongly disagree	Strongly disagree	Completely disagree	Neither agree nor disagree	Completely disagree	Strongly agree	7-10	Completely disagree	Completely disagree	30-60 min	Strongly disagree	prefer not to say	2	2	Agree	2	1	1	Completely disagree
		IP Address		99	1010	True		SYN_0053							anonymous	EN	I consent to participate in this study	49	Male	Bachelor's degree	English		Elementary	Country C	Always	Always	Often	Often	Sometimes	Often	Sometimes	Often	Always	Often	Always	Never	Never	Disagree	Strongly disagree	Agree	Strongly agree	Completely agree	Disagree	Agree	Neither agree nor disagree	Strongly disagree	Disagree	Completely disagree	Agree	Agree	Neither agree nor disagree	Strongly agree	Strongly disagree	Strongly agree	Agree	Completely disagree	Strongly agree	Agree	Neither agree nor disagree	Completely agree	Neither agree nor disagree	Strongly agree	Agree	Completely agree	Agree	Neither agree nor disagree	Completely disagree	Disagree	1	Neither agree nor disagree	prefer not to say	15-30 min	Completely agree	Agree	0	2	Agree	0.5	0	3	Strongly disagree
		IP Address		93	306	True		SYN_0054							anonymous	EN	I consent to participate in this study	18	Male	Master's degree	Other		Elementary	Country A	Often	Sometimes	Often	Almost never	Always	Almost never	Often	Sometimes	Never	Always	Often	Often	Always	Completely disagree	Agree	Neither agree nor disagree	Strongly agree	Neither agree nor disagree	Agree	Neither agree nor disagree	Neither agree nor disagree	Strongly disagree	Strongly agree	Disagree	Agree	Completely disagree	Completely agree	Strongly agree	Agree	Disagree	Completely agree	Neither agree nor disagree	Agree	Strongly agree	Strongly agree	Completely agree	Neither agree nor disagree	Agree	Agree	Disagree	Completely agree	Strongly disagree	Strongly disagree	Completely agree	3	Strongly disagree	Strongly agree	0-15 min	Disagree	Neither agree nor disagree	6-9	1.5	Disagree	7 or more	1	6 or more	Neither agree nor disagree
		IP Address		93	910	True		SYN_0055							anonymous	EN	I consent to participate in this study	31	Male	Doctorate	English		Advanced	Country C	Never	Often	Sometimes	Never	Often	Often	Never	Sometimes	Always	Almost never	Never	Almost never	Always	Disagree	Strongly disagree	Completely disagree	Agree	Strongly disagree	Agree	Completely disagree	Agree	Strongly agree	Completely disagree	Neither agree nor disagree	Completely disagree	Strongly disagree		Neither agree nor disagree	Disagree	Completely agree	Strongly disagree	Completely agree	Neither agree nor disagree	Strongly disagree	Completely disagree	Neither agree nor disagree	Strongly disagree	Completely disagree	Agree	Completely disagree	Agree	Disagree	Completely agree	Disagree	0	Completely agree	Strongly disagree	30-60 min	prefer not to say	Completely disagree	6-9	3-4	Strongly agree	0	3-5	3	Disagree
		IP Address		97	845	True		SYN_0056							anonymous	EN	I consent to participate in this study	48	Female	Bachelor's degree	Other		Advanced	Country C	Never	Never	Never	Never	Almost never	Almost never	Never	Almost never	Often	Never	Always	Sometimes	Almost never	Completely disagree	Completely disagree	Neither agree nor disagree	Neither agree nor disagree	Disagree	Agree	Strongly disagree	Neither agree nor disagree	Strongly disagree	Disagree	Neither agree nor disagree	Disagree	Completely disagree	Completely disagree	Disagree	Disagree	Strongly disagree	Strongly disagree	Strongly disagree	Completely disagree	Disagree	Completely disagree	Completely disagree	Strongly agree	Strongly disagree	Completely disagree	Completely disagree	Disagree	Strongly agree	Completely disagree	Neither agree nor disagree	4-6	Agree	Completely disagree	2-3 hrs	Agree	Strongly agree	10 or more	1.5	Completely disagree	0	0	6 or more	Neither agree nor disagree
		IP Address		97	866	True		SYN_0057							anonymous	EN	I consent to participate in this study	47	Prefer not to say	Doctorate	English		Native	Country A	Always	Often	Always	Often	Sometimes	Never	Almost never	Often	Often	Sometimes	Always	Often	Often	Disagree	Agree	Agree	Agree	Disagree	Neither agree nor disagree	Strongly agree	Strongly disagree	Neither agree nor disagree	Strongly agree	Agree	Disagree	Disagree	Completely disagree	Strongly agree	Completely disagree	Agree	Agree	Strongly disagree	Strongly agree	Strongly agree	Disagree	Agree	Neither agree nor disagree	Strongly agree	Strongly agree	Agree	Strongly agree	Completely disagree	Completely agree	Completely disagree	0	prefer not to say	Completely disagree	30-60 min	Strongly agree	Agree	10 or more	5 or more	Completely agree	1	0.5	1	Neither agree nor disagree
		IP Address		95	756	True		SYN_0058							anonymous	EN	I consent to participate in this study	35	Prefer not to say	High school	English		Elementary	Country C	Almost never	Sometimes	Never	Never	Never	Almost never	Never	Never	Almost never	Always	Never	Almost never	Never	Agree	Completely agree	Completely agree	Disagree	Disagree	Neither agree nor disagree	Strongly agree	Disagree	Agree	Disagree	Agree	Disagree	Disagree	Agree	Strongly disagree	Neither agree nor disagree	Strongly disagree	Neither agree nor disagree	Neither agree nor disagree	Strongly disagree	Completely disagree	Strongly disagree	Completely disagree	Disagree	Disagree	Disagree	Neither agree nor disagree	Strongly disagree	Completely agree	prefer not to say	Agree	4-6	Strongly disagree	Agree	prefer not to say	Disagree	Neither agree nor disagree	4-5	2	Neither agree nor disagree	2	1	1	prefer not to say
		IP Address		91	1309	True		SYN_0059							anonymous	EN	I consent to participate in this study	27	Prefer not to say	Doctorate	Other		Advanced	Country A	Almost never	Sometimes	Sometimes	Sometimes	Always	Always	Never	Never	Never	Sometimes	Never	Never	Almost never	Neither agree nor disagree	Completely disagree	Strongly disagree	Completely disagree	Completely disagree	Completely disagree	Completely disagree	Completely agree	Strongly agree	Completely disagree	Neither agree nor disagree	Strongly disagree	Strongly disagree	Strongly agree	Disagree	Strongly disagree	Strongly disagree	Strongly disagree	Neither agree nor disagree	Completely disagree	Neither agree nor disagree	Completely disagree	Disagree	Strongly disagree	Disagree	Disagree	Agree	Neither agree nor disagree	Strongly disagree	Disagree	Strongly disagree	0	Strongly agree	Strongly agree	4 hrs or more	Strongly agree	Neither agree nor disagree	6-9	1	Completely agree	2	0	0	Completely agree
		IP Address		92	336	True		SYN_0060							anonymous	EN	I consent to participate in this study	55	Prefer not to say	Bachelor's degree	Other		Intermediate	Country B	Always	Always	Always	Sometimes	Almost never	Always	Almost never	Always	Almost never	Never	Never	Almost never	Almost never	Agree	Completely disagree	Disagree	Neither agree nor disagree	Agree	Completely disagree	Disagree	Disagree	Neither agree nor disagree	Neither agree nor disagree	Agree	Agree	Completely agree	Completely disagree	Agree	Strongly agree	Strongly disagree	Agree	Strongly agree	Strongly disagree	Completely agree	Disagree	Neither agree nor disagree	Strongly agree	Neither agree nor disagree	Strongly agree	Agree	Strongly agree	prefer not to say	Neither agree nor disagree	Disagree	4-6	Completely disagree	Strongly agree	prefer not to say	Neither agree nor disagree	Completely agree	10 or more	0.5	Strongly agree	7 or more	1	2	Completely agree
		IP Address		94	1046	True		SYN_0061							anonymous	EN	I consent to participate in this study	56	Female	Doctorate	English		Elementary	Country C	Almost never	Often	Never	Often	Almost never	Sometimes	Sometimes	Almost never	Sometimes	Almost never	Almost never	Sometimes	Never	Completely disagree	Neither agree nor disagree	Agree	Strongly disagree	Strongly agree	Strongly disagree	Neither agree nor disagree	Completely disagree	Strongly disagree	Strongly disagree	Disagree	Completely disagree	Strongly agree	Completely agree	Completely agree	Strongly disagree	Neither agree nor disagree	Strongly agree	Completely agree	Completely disagree	Disagree	Completely agree	Strongly agree	Neither agree nor disagree	Neither agree nor disagree		Strongly agree	Strongly agree	Neither agree nor disagree	Strongly disagree	Strongly agree	7-10	Neither agree nor disagree	Disagree	2 hrs	Completely disagree	prefer not to say	0	1.5	Agree	2	0.5	3	Disagree
		IP Address		91	1695	True		SYN_0062							anonymous	EN	I consent to participate in this study	56	Prefer not to say	Bachelor's degree	English		Elementary	Country C	Always	Sometimes	Always	Sometimes	Always	Often	Always	Always	Almost never	Always	Often	Always	Often	Agree	Strongly disagree	Strongly agree	Completely agree	Completely agree	Strongly disagree	Neither agree nor disagree	Strongly agree	Completely agree	Completely disagree	Neither agree nor disagree	Completely agree	Agree	Completely agree	Completely agree	Agree	Completely agree	Completely agree	Neither agree nor disagree	Disagree	Agree	Disagree	Completely disagree	Agree	Strongly agree	Completely agree	Strongly agree	Neither agree nor disagree	Completely agree	Completely disagree	prefer not to say	2	Neither agree nor disagree	prefer not to say	2-3 hrs	Completely agree	Disagree	2	2	Completely agree	2	0.5	5	Completely disagree
		IP Address		95	1427	True		SYN_0063							anonymous	EN	I consent to participate in this study	62	Prefer not to say	Doctorate	English		Native	Country C	Always	Always	Always	Often	Always	Often	Always	Almost never	Almost never	Sometimes	Sometimes	Always	Always	Neither agree nor disagree	Neither agree nor disagree	Agree	Neither agree nor disagree	Strongly agree	Disagree	Agree	Completely agree	Strongly disagree	Strongly agree	Completely agree	Neither agree nor disagree	Completely agree	Disagree	Agree	Completely agree	Completely agree	Strongly agree	Disagree	Agree	Strongly disagree	Strongly agree	Completely agree	Neither agree nor disagree	Completely agree	Strongly agree	Completely agree	Completely agree	Strongly disagree	prefer not to say	Strongly disagree	11 or more	Disagree	prefer not to say	2-3 hrs	Strongly disagree	Neither agree nor disagree	1	0	Neither agree nor disagree	2	0.5	3	Disagree
		IP Address		94	1607	True		SYN_0064							anonymous	EN	I consent to participate in this study	60	Female	High school	English		Advanced	Country B	Almost never	Never	Almost never	Never	Often	Almost never	Never	Never	Never	Almost never	Never	Never	Never	Completely disagree	Completely disagree	Completely disagree	Completely disagree	Completely disagree	Completely disagree	Strongly disagree	Completely disagree	Completely disagree	Neither agree nor disagree	Completely disagree	Completely disagree	Strongly disagree	Disagree	Neither agree nor disagree	Completely disagree	Completely disagree	Neither agree nor disagree	Completely disagree	Strongly disagree	Neither agree nor disagree	Completely disagree	Strongly disagree	Completely disagree	Strongly agree	Strongly disagree	Neither agree nor disagree	Disagree	prefer not to say	Strongly agree	Strongly agree	2	Agree	Strongly agree	4 hrs or more	Strongly disagree	Strongly agree	2	1.5	Completely agree	1	1	6 or more	Completely disagree
		IP Address		100	531	True		SYN_0065							anonymous	EN	I consent to participate in this study	33	Female	Master's degree	English		Advanced	Country B	Sometimes	Never	Often	Never	Never	Never	Never	Almost never	Almost never	Never	Almost never	Never	Sometimes	Agree	Completely agree	Strongly disagree	Neither agree nor disagree	Completely disagree	Strongly disagree	Disagree	Agree	Strongly agree	Strongly disagree	Neither agree nor disagree	Completely agree	Completely disagree	Neither agree nor disagree	Neither agree nor disagree	Completely disagree	Strongly disagree	Completely disagree	Completely disagree	Strongly disagree	Completely disagree	Strongly disagree	Strongly disagree	Strongly disagree	Strongly agree	Completely disagree	Strongly disagree	Completely disagree	prefer not to say	Completely agree	prefer not to say	0	Strongly disagree	Completely agree	60-90 min	Neither agree nor disagree	Completely disagree	3	0.5	Strongly agree	1	1	6 or more	Completely disagree
		IP Address		95	808	True		SYN_0066							anonymous	EN	I consent to participate in this study	29	Prefer not to say	Master's degree	English		Native	Country B	Never	Always	Sometimes	Almost never	Almost never	Always	Never	Almost never	Almost never	Sometimes	Always	Sometimes	Never	Neither agree nor disagree	Strongly agree	Strongly agree	Completely disagree	Disagree	Neither agree nor disagree	Neither agree nor disagree	Agree	Neither agree nor disagree	Disagree	Completely disagree	Completely agree	Disagree	Neither agree nor disagree	Completely agree	Completely disagree	Agree	Strongly agree	Strongly agree	Neither agree nor disagree	Completely agree	Strongly disagree	Agree	Completely disagree	Agree	Completely disagree	Agree	Strongly disagree	Disagree	Disagree	prefer not to say	7-10	Strongly agree	prefer not to say	0-15 min	Strongly agree	Strongly agree	2	1.5	Completely disagree	7 or more	0.5	0	Disagree
		IP Address		98	1413	True		SYN_0067							anonymous	EN	I consent to participate in this study	28	Prefer not to say	Doctorate	English		Native	Country A	Always	Always	Almost never	Always	Almost never	Sometimes	Always	Often	Always	Often	Sometimes	Always	Often	Completely agree	Completely agree	Agree	Disagree	Strongly agree	Completely agree	Neither agree nor disagree	Strongly agree	Neither agree nor disagree	Neither agree nor disagree	Completely agree	Agree	Strongly disagree	Strongly disagree	Agree	Agree	Completely agree	Disagree	Strongly disagree	Strongly agree	Strongly agree	Agree	Agree	Neither agree nor disagree	Neither agree nor disagree	Disagree		Completely agree	prefer not to say	Strongly agree	Strongly disagree	0	Strongly disagree	Agree	2 hrs	prefer not to say	prefer not to say	4-5	0	Strongly agree	0	2	3	Neither agree nor disagree
		IP Address		97	904	True		SYN_0068							anonymous	EN	I consent to participate in this study	36	Prefer not to say	Bachelor's degree	English		Intermediate	Country B	Sometimes	Always	Often	Often	Often	Never	Always	Always	Often	Sometimes	Always	Sometimes	Sometimes	Strongly disagree	Disagree	Strongly agree	Strongly disagree		Completely agree	Disagree	Neither agree nor disagree	Disagree	Completely agree	Strongly agree	Completely agree	Completely agree	Completely agree	Completely agree	Completely agree	Agree	Neither agree nor disagree	Strongly agree	Completely agree	Neither agree nor disagree	Neither agree nor disagree	Strongly agree	Neither agree nor disagree	Strongly agree	Strongly agree	Completely agree	Agree	Strongly disagree	Agree	Completely disagree	7-10	prefer not to say	Strongly agree	15-30 min	Agree	prefer not to say	0	0	Completely disagree	3	2	1	Disagree
		IP Address		96	657	True		SYN_0069							anonymous	EN	I consent to participate in this study	24	Male	High school	Other		Elementary	Country A	Never	Never	Almost never	Never	Almost never	Never	Never	Never	Never	Almost never	Often	Never	Never	Disagree	Completely disagree	Completely disagree	Strongly disagree	Completely disagree	Agree	Completely disagree	Completely disagree	Disagree	Completely disagree	Strongly disagree	Completely disagree	Strongly agree	Neither agree nor disagree	Completely disagree	Neither agree nor disagree	Strongly disagree	Completely disagree	Disagree	Strongly disagree	Strongly disagree	Completely disagree	Neither agree nor disagree	Completely disagree	Completely disagree	Completely disagree	Agree	Neither agree nor disagree	Agree	Completely disagree	Neither agree nor disagree	1	Strongly disagree	Completely disagree	60-90 min	Neither agree nor disagree	Neither agree nor disagree	10 or more	0	Completely agree	3	0.5	2	Completely disagree
		IP Address		91	939	True		SYN_0070							anonymous	EN	I consent to participate in this study	29	Prefer not to say	High school	Other		Advanced	Country A	Often	Never	Never	Never	Often	Always	Often	Often	Never	Always	Often	Often	Sometimes	Strongly agree	Agree	Neither agree nor disagree	Completely disagree	Completely disagree	Strongly disagree	Completely agree	Completely agree	Agree	Agree	Neither agree nor disagree	Disagree	Agree	Strongly disagree	Neither agree nor disagree	Strongly agree	Strongly agree	Neither agree nor disagree	Strongly disagree	Strongly disagree	Strongly agree	Strongly agree	Completely disagree	Strongly agree	Completely disagree	Neither agree nor disagree	Neither agree nor disagree	Strongly agree	Neither agree nor disagree	Strongly agree	Strongly disagree	4-6	Neither agree nor disagree	Disagree	prefer not to say	Strongly agree	Completely agree	3	3-4	Completely agree	0	1	5	Completely agree
		IP Address		91	1558	True		SYN_0071							anonymous	EN	I consent to participate in this study	47	Female	Doctorate	English		Intermediate	Country C	Often	Sometimes	Often	Never	Never	Sometimes	Often	Often	Often	Often	Sometimes	Always	Always	Neither agree nor disagree	Disagree	Strongly disagree	Strongly disagree	Completely agree	Agree	Agree	Strongly disagree	Disagree	Completely disagree	Disagree	Strongly agree	Strongly agree	Agree	Neither agree nor disagree	Strongly agree	Neither agree nor disagree	Strongly disagree	Strongly agree	Disagree	Neither agree nor disagree	Strongly agree	Agree	Strongly agree	Neither agree nor disagree	Strongly disagree	Disagree	Completely agree	Strongly agree	Completely agree	Strongly disagree	7-10	Strongly disagree	prefer not to say	15-30 min	Completely agree	Completely disagree	6-9	0.5	Agree	2	1	5	Neither agree nor disagree
		IP Address		92	1047	True		SYN_0072							anonymous	EN	I consent to participate in this study	61	Female	Doctorate	English		Intermediate	Country C	Almost never	Never	Sometimes	Sometimes	Almost never	Always	Almost never	Never	Sometimes	Never	Sometimes	Never	Never	Completely disagree	Agree	Completely disagree	Completely disagree	Completely disagree	Disagree	Disagree	Completely disagree	Strongly disagree	Neither agree nor disagree	Completely disagree	Strongly disagree	Completely disagree	Strongly disagree	Completely disagree	Strongly disagree	Disagree	Completely disagree	Completely disagree	Disagree	Completely disagree	Strongly disagree	Strongly disagree	Strongly disagree	Completely disagree	Completely disagree	Completely disagree	Completely disagree	Agree	Strongly disagree	Agree	11 or more	Completely agree	Disagree	2 hrs	Strongly disagree	Completely agree	6-9	3-4	prefer not to say	3	6-9	2	Completely disagree
		IP Address		91	1619	True		SYN_0073							anonymous	EN	I consent to participate in this study	33	Prefer not to say	High school	English		Advanced	Country C	Almost never	Sometimes	Sometimes	Sometimes	Always	Sometimes	Often	Always	Never	Often	Sometimes	Never	Often	Disagree	Strongly disagree	Completely disagree	Neither agree nor disagree	Strongly disagree	Agree	Neither agree nor disagree	Strongly agree	Completely disagree	Completely disagree	Neither agree nor disagree	Agree	Completely agree	Disagree	Strongly agree	Completely agree	Disagree	Neither agree nor disagree	Completely agree	Strongly agree	Neither agree nor disagree	Completely disagree	Strongly agree	Strongly agree	Completely agree	Completely disagree	Agree	Completely agree	Strongly agree	Disagree	Agree	11 or more	Completely disagree	Disagree	2 hrs	Strongly agree	prefer not to say	0	0	Neither agree nor disagree	2	1	1	prefer not to say
		IP Address		95	324	True		SYN_0074							anonymous	EN	I consent to participate in this study	42	Prefer not to say	High school	English		Native	Country A	Never	Never	Almost never	Never	Never	Never	Never	Almost never	Almost never	Never	Always	Sometimes		Neither agree nor disagree	Disagree	Completely agree	Strongly agree	Strongly disagree	Neither agree nor disagree	Neither agree nor disagree	Agree	Strongly disagree	Strongly disagree	Neither agree nor disagree	Strongly agree	Completely disagree	Strongly disagree	Completely disagree	Completely disagree	Strongly disagree	Completely disagree	Completely disagree	Disagree	Completely disagree	Strongly disagree	Completely disagree	Strongly disagree	Completely disagree	Strongly disagree	Strongly disagree	Completely disagree	Strongly disagree	Completely disagree	Disagree	11 or more	Disagree	Agree	30-60 min	Disagree	Disagree	10 or more	3-4	Strongly disagree	0.5	6-9	2	Strongly agree
		IP Address		93	1630	True		SYN_0075							anonymous	EN	I consent to participate in this study	24	Female	Master's degree	English		Advanced	Country B	Often	Always	Almost never	Often	Always	Always	Often	Always	Often	Almost never	Almost never	Often	Often	Strongly agree	Completely disagree	Disagree	Completely agree	Agree	Disagree	Disagree	Disagree	Strongly disagree	Strongly agree	Completely disagree	Agree	Completely agree	Completely agree	Completely agree	Completely agree	Strongly agree	Completely agree	Strongly agree	Agree	Completely agree	Strongly agree	Completely agree	Completely agree	Completely agree	Agree	Strongly agree	Strongly agree	Completely disagree	Completely agree	Disagree	3	Agree	Completely disagree	60-90 min	prefer not to say	Agree	0	5 or more	Strongly disagree	4-6	2	2	Completely disagree
		IP Address		94	514	True		SYN_0076							anonymous	EN	I consent to participate in this study	48	Female	Doctorate	Other		Advanced	Country C	Almost never	Never	Never	Never	Never	Sometimes	Almost never	Sometimes	Sometimes	Sometimes	Never	Sometimes	Almost never	Disagree	Strongly disagree	Disagree	Neither agree nor disagree	Disagree	Agree	Neither agree nor disagree	Strongly disagree	Neither agree nor disagree	Agree	Strongly disagree	Neither agree nor disagree	Completely disagree	Neither agree nor disagree	Completely disagree	Strongly disagree	Strongly disagree	Completely disagree	Disagree	Completely disagree	Strongly disagree	Completely disagree	Completely disagree	Completely disagree	Disagree	Strongly disagree	Neither agree nor disagree	Completely disagree	Strongly disagree	Neither agree nor disagree	Completely agree	4-6	prefer not to say	Agree	prefer not to say	Completely agree	Neither agree nor disagree	2	3-4	Completely agree	3	6-9	3	Neither agree nor disagree
		IP Address		91	753	True		SYN_0077							anonymous	EN	I consent to participate in this study	54	Male	Doctorate	Other		Native	Country B	Almost never	Always	Sometimes	Often	Always	Sometimes	Sometimes	Almost never	Always	Always	Always	Sometimes	Often	Neither agree nor disagree	Disagree	Disagree	Strongly agree	Strongly agree	Agree	Neither agree nor disagree	Strongly disagree	Completely agree	Strongly agree	Disagree	Strongly agree	Disagree	Neither agree nor disagree	Neither agree nor disagree	Agree	Completely agree	Disagree	Strongly disagree	Neither agree nor disagree	Completely agree	Disagree	Agree		Completely agree	Agree	Completely agree	Agree	Strongly disagree	Completely agree	Strongly agree	11 or more	Completely agree	Completely agree	4 hrs or more	Completely disagree	Strongly disagree	10 or more	1	Completely agree	7 or more	3-5	2	Strongly agree
		IP Address		100	1057	True		SYN_0078							anonymous	EN	I consent to participate in this study	54	Female	Master's degree	Other		Native	Country A	Often	Almost never	Never	Often	Always	Always	Always	Sometimes	Sometimes	Almost never	Never	Never	Sometimes	Disagree	Agree	Disagree	Completely disagree		Neither agree nor disagree	Strongly disagree	Neither agree nor disagree	Strongly agree	Completely disagree	Completely disagree	Completely disagree	Disagree	Neither agree nor disagree	Completely disagree	Neither agree nor disagree	Completely disagree	Disagree	Strongly disagree	Strongly disagree	Disagree	Completely disagree		Neither agree nor disagree	Neither agree nor disagree	Disagree	Strongly disagree	Completely disagree	prefer not to say	prefer not to say	Completely agree	1	Strongly agree	Completely agree	15-30 min	Completely disagree	Completely disagree	10 or more	1	Neither agree nor disagree	0.5	1	6 or more	prefer not to say
		IP Address		99	430	True		SYN_0079							anonymous	EN	I consent to participate in this study	44	Prefer not to say	High school	Other		Native	Country B	Almost never	Often	Never	Never	Often	Never	Almost never	Almost never	Sometimes	Sometimes	Often	Never	Almost never	Strongly disagree	Completely disagree	Completely disagree	Strongly disagree	Strongly disagree	Disagree	Agree	Completely disagree	Completely disagree	Strongly disagree	Disagree	Strongly disagree	Disagree	Strongly disagree	Completely disagree	Completely disagree	Completely disagree	Disagree	Completely disagree	Completely disagree	Strongly agree	Completely disagree	Completely disagree	Completely disagree	Disagree	Strongly disagree	Agree	Strongly disagree	Completely agree	Disagree	Completely disagree	11 or more	Completely disagree	Strongly agree	60-90 min	Agree	Completely agree	10 or more	1	Neither agree nor disagree	2	3-5	4	Agree
		IP Address		94	709	True		SYN_0080							anonymous	EN	I consent to participate in this study	19	Female	Master's degree	Other		Advanced	Country C	Always	Often	Often	Often	Almost never	Sometimes	Almost never	Often	Sometimes	Never	Almost never	Often	Often	Strongly agree	Neither agree nor disagree	Disagree	Completely disagree	Agree	Completely agree	Disagree	Agree	Disagree	Agree	Disagree	Completely agree	Strongly disagree	Disagree	Disagree	Strongly disagree	Strongly disagree	Strongly disagree	Strongly disagree	Agree	Strongly disagree	Neither agree nor disagree	Completely disagree	Agree	Completely disagree	Agree	Disagree	Completely disagree	Strongly agree	Completely disagree	prefer not to say	0	Strongly disagree	Completely disagree	2-3 hrs	prefer not to say	Agree	3	1	Strongly agree	4-6	6-9	5	Completely agree
		IP Address		92	1653	True		SYN_0081							anonymous	EN	I consent to participate in this study	58	Female	Doctorate	English		Advanced	Country B	Sometimes	Often	Always	Often	Always	Never	Always	Often	Sometimes	Never	Always	Never	Always	Neither agree nor disagree	Strongly agree	Disagree	Disagree	Agree	Disagree	Neither agree nor disagree	Agree	Completely agree	Neither agree nor disagree	Completely disagree	Completely agree	Completely agree	Disagree	Strongly disagree	Completely agree	Agree	Neither agree nor disagree	Agree	Strongly agree	Strongly agree	Completely agree	Completely agree	Strongly agree	Neither agree nor disagree	Completely agree	Neither agree nor disagree	Agree	Agree	Completely disagree	Completely agree	1	Strongly agree	Completely disagree	30-60 min	Neither agree nor disagree	Strongly agree	1	5 or more	Completely agree	7 or more	6-9	4	Strongly agree
		IP Address		100	211	True		SYN_0082							anonymous	EN	I consent to participate in this study	25	Female	Bachelor's degree	English		Native	Country C	Never	Never	Never	Never	Almost never	Never	Never	Never	Never	Often	Never	Almost never	Never	Disagree	Agree	Neither agree nor disagree	Strongly disagree	Completely disagree	Agree	Neither agree nor disagree	Neither agree nor disagree	Strongly agree	Strongly disagree	Disagree	Disagree	Agree	Completely disagree	Completely disagree	Completely disagree	Strongly agree	Agree	Completely disagree	Completely disagree	Completely disagree	Completely disagree	Disagree	Completely disagree	Completely disagree	Disagree	Strongly disagree	Completely disagree	Neither agree nor disagree	Strongly disagree	Strongly agree	3	Neither agree nor disagree	Strongly disagree	15-30 min	Agree	Agree	4-5	0.5	Disagree	4-6	6-9	4	Disagree
		IP Address		92	565	True		SYN_0083							anonymous	EN	I consent to participate in this study	59	Male	Doctorate	Other		Intermediate	Country A	Often	Always	Always	Often	Always	Often	Often	Almost never	Almost never	Sometimes	Never	Always	Often	Disagree	Strongly disagree	Completely agree	Neither agree nor disagree	Neither agree nor disagree	Completely agree		Completely disagree	Neither agree nor disagree	Neither agree nor disagree	Disagree	Neither agree nor disagree	Completely agree	Strongly disagree	Completely agree	Completely agree	Disagree	Strongly agree	Completely agree	Neither agree nor disagree	Neither agree nor disagree	Neither agree nor disagree	Strongly agree	Disagree	Strongly agree	Strongly agree	Neither agree nor disagree	Agree	Completely agree	prefer not to say	Completely disagree	2	Disagree	Disagree	30-60 min	Completely disagree	Completely agree	2	0.5	Completely disagree	0	3-5	3	Completely disagree
		IP Address		94	1097	True		SYN_0084							anonymous	EN	I consent to participate in this study	25	Prefer not to say	Doctorate	English		Advanced	Country C	Always		Often	Sometimes	Never	Often	Always	Sometimes	Often	Often	Almost never	Almost never	Sometimes	Neither agree nor disagree	Completely disagree	Agree	Strongly agree	Strongly disagree	Neither agree nor disagree	Neither agree nor disagree	Disagree	Strongly agree	Completely disagree	Agree	Agree		Agree	Strongly agree	Completely agree	Agree	Strongly disagree	Agree	Strongly disagree	Completely agree	Strongly agree	Neither agree nor disagree	Agree	Completely agree	Neither agree nor disagree	Completely agree	Agree	Strongly agree	Strongly agree	Completely disagree	2	Strongly agree	Disagree	15-30 min	Completely agree	Strongly agree	4-5	2	Disagree	3	1	4	Disagree
		IP Address		93	1178	True		SYN_0085							anonymous	EN	I consent to participate in this study	44	Male	Bachelor's degree	English		Native	Country A	Almost never	Often	Sometimes	Almost never	Always	Almost never	Never	Almost never	Always	Almost never	Often	Almost never	Never	Neither agree nor disagree	Completely agree	Strongly disagree	Disagree	Completely disagree	Neither agree nor disagree	Neither agree nor disagree	Disagree	Strongly agree	Strongly agree	Neither agree nor disagree	Agree	Strongly agree	Strongly disagree	Strongly disagree	Strongly agree	Disagree	Completely disagree	Completely agree	Strongly agree	Strongly disagree	Neither agree nor disagree	Agree	Disagree	Strongly disagree	Completely disagree	Strongly agree	Disagree	Neither agree nor disagree	Neither agree nor disagree	Disagree	0	Strongly disagree	Strongly disagree	60-90 min	Neither agree nor disagree	Completely agree	2	0	Completely disagree	3	6-9	1	Disagree
		IP Address		96	1207	True		SYN_0086							anonymous	EN	I consent to participate in this study	26	Female	Doctorate	Other		Intermediate	Country B	Often	Always	Always	Never	Almost never	Sometimes	Always	Sometimes	Almost never	Almost never	Almost never	Always	Never	Strongly agree	Completely agree	Neither agree nor disagree	Strongly agree	Agree	Strongly disagree	Strongly agree	Strongly disagree	Completely agree	Agree	Completely agree	Agree	Strongly disagree	Completely agree	Agree	Strongly agree	Completely disagree	Disagree	Agree	Disagree	Completely agree	Completely agree	Completely agree	Completely agree	Agree	Agree	Completely disagree	Strongly disagree	Disagree	prefer not to say	Completely disagree	7-10	Agree	Strongly disagree	30-60 min	Strongly agree	Completely agree	4-5	0	Neither agree nor disagree	4-6	10 or more	2	Completely agree
		IP Address		93	1656	True		SYN_0087							anonymous	EN	I consent to participate in this study	38	Male	Bachelor's degree	Other		Native	Country B	Never	Almost never	Often	Never	Often	Always	Never	Often	Sometimes	Almost never	Almost never	Never	Never	Strongly disagree	Completely disagree	Neither agree nor disagree	Strongly agree	Completely disagree	Neither agree nor disagree	Disagree	Agree	Completely disagree	Neither agree nor disagree	Neither agree nor disagree	Agree	Neither agree nor disagree	Neither agree nor disagree	Disagree	Neither agree nor disagree	Disagree	Strongly disagree	Neither agree nor disagree	Agree	Agree	Strongly agree	Completely disagree	Neither agree nor disagree	Agree	Strongly agree		Disagree	Completely disagree	Disagree	Strongly disagree	7-10	Agree	Neither agree nor disagree	2-3 hrs	Disagree	Strongly agree	10 or more	5 or more	Completely disagree	4-6	3-5	5	Strongly agree
		IP Address		93	1765	True		SYN_0088							anonymous	EN	I consent to participate in this study	34	Female	Doctorate	Other		Native	Country B	Almost never	Never	Never	Never	Never	Often	Never	Almost never	Never	Never	Never	Never	Almost never	Strongly disagree	Completely disagree	Completely disagree	Strongly disagree	Completely disagree	Agree	Completely disagree	Completely disagree	Completely disagree	Strongly disagree	Disagree	Completely disagree	Completely disagree	Strongly disagree	Completely disagree	Completely disagree	Completely disagree	Completely disagree	Completely disagree	Completely disagree	Completely disagree	Completely disagree	Completely disagree	Completely disagree	Completely disagree	Completely disagree	Completely disagree	Strongly disagree	Completely agree	Agree	Strongly agree	4-6	Completely agree	Completely agree	prefer not to say	Strongly agree	Strongly agree	3	1.5	Strongly disagree	4-6	6-9	5	Agree
		IP Address		99	1336	True		SYN_0089							anonymous	EN	I consent to participate in this study	50	Prefer not to say	High school	English		Native	Country C	Always	Often	Never	Almost never	Often	Sometimes	Never	Always	Never	Often	Often	Sometimes	Never	Strongly disagree	Neither agree nor disagree	Neither agree nor disagree	Completely agree	Strongly agree	Agree	Completely agree	Neither agree nor disagree	Completely disagree	Strongly disagree	Completely disagree	Disagree	Completely disagree	Agree	Agree	Agree	Disagree	Agree	Completely disagree	Disagree	Agree	Strongly agree	Strongly agree	Completely disagree	Disagree	Completely disagree	Disagree	Strongly disagree	Completely disagree	Completely disagree	Completely agree	0	Completely disagree	Strongly agree	0-15 min	Neither agree nor disagree	Strongly disagree	4-5	1	Strongly agree	1	0.5	2	Strongly agree
		IP Address		92	1134	True		SYN_0090							anonymous	EN	I consent to participate in this study	45	Female	Master's degree	English		Advanced	Country A	Often	Often	Sometimes	Sometimes	Always	Often	Always	Almost never	Always	Often	Almost never	Always	Always	Agree	Strongly agree	Strongly disagree	Strongly disagree	Completely agree	Completely agree	Strongly agree	Neither agree nor disagree	Neither agree nor disagree	Completely agree	Agree	Completely agree	Completely agree	Strongly disagree	Completely agree	Agree	Neither agree nor disagree	Strongly disagree	Disagree	Agree	Completely agree	Strongly disagree	Strongly agree	Completely disagree	Agree	Agree	Strongly agree	Neither agree nor disagree	Completely agree	Neither agree nor disagree	Neither agree nor disagree	11 or more	Completely agree	prefer not to say	0-15 min	Completely agree	Neither agree nor disagree	3	5 or more	Strongly disagree	0	10 or more	2	Neither agree nor disagree
		IP Address		97	622	True		SYN_0091							anonymous	EN	I consent to participate in this study	51	Male	High school	Other		Intermediate	Country B	Always	Never	Often	Always	Almost never		Often	Often	Almost never	Almost never	Often	Always	Always	Completely agree	Agree	Agree	Strongly agree	Agree	Completely agree	Strongly agree	Completely agree	Disagree	Strongly agree	Neither agree nor disagree	Neither agree nor disagree	Agree	Strongly agree	Strongly agree	Completely agree	Completely agree	Strongly agree	Disagree	Neither agree nor disagree	Strongly disagree	Agree	Completely agree	Agree	Strongly disagree	Completely agree	Completely agree	Completely agree	Neither agree nor disagree	prefer not to say	Strongly disagree	4-6	Disagree	Strongly disagree	60-90 min	Strongly disagree	Disagree	0	5 or more	Strongly agree	0	3-5	4	Completely agree
		IP Address		93	1117	True		SYN_0092							anonymous	EN	I consent to participate in this study	47	Male	Bachelor's degree	Other		Native	Country B	Always	Always	Almost never	Often	Often	Always	Almost never	Often	Often	Never	Never	Sometimes	Always	Completely agree	Strongly disagree	Strongly disagree	Strongly disagree	Strongly disagree	Neither agree nor disagree	Completely agree	Agree	Strongly disagree	Strongly agree	Strongly disagree	Completely agree	Completely agree	Strongly agree	Strongly agree	Disagree	Agree	Strongly agree	Completely disagree	Completely agree	Disagree	Strongly agree	Completely agree	Disagree	Agree	Strongly agree	Completely agree	Strongly agree	Strongly disagree	Strongly agree	Strongly disagree	7-10	Neither agree nor disagree	Strongly agree	4 hrs or more	Disagree	Neither agree nor disagree	1	1	Agree	0.5	1	1	Strongly agree
		IP Address		93	468	True		SYN_0093							anonymous	EN	I consent to participate in this study	23	Female	Bachelor's degree	English		Intermediate	Country A	Always	Always	Always	Always	Sometimes	Never	Often	Sometimes	Sometimes	Often	Often	Never	Always	Completely disagree	Completely disagree	Completely agree	Disagree	Neither agree nor disagree	Neither agree nor disagree	Strongly agree	Completely disagree	Completely agree	Agree	Completely disagree	Completely disagree	Strongly agree	Strongly agree	Completely agree	Strongly agree	Completely agree	Completely agree	Neither agree nor disagree	Strongly agree	Agree	Agree	Completely agree	Strongly agree	Strongly agree	Agree	Completely agree	Completely agree	Strongly agree	prefer not to say	Completely disagree	2	Agree	Strongly agree	15-30 min	Completely disagree	Strongly agree	10 or more	0.5	Completely disagree	2	6-9	1	Strongly agree
		IP Address		91	1442	True		SYN_0094							anonymous	EN	I consent to participate in this study	18	Prefer not to say	Master's degree	Other		Advanced	Country B	Sometimes	Never	Sometimes	Almost never	Sometimes	Often	Always	Often	Sometimes	Often	Always	Often	Almost never	Strongly agree	Agree	Strongly agree	Completely agree	Strongly agree	Neither agree nor disagree	Agree	Strongly disagree	Disagree	Completely agree	Strongly agree	Strongly disagree	Neither agree nor disagree	Strongly agree	Completely agree	Completely agree	Strongly agree	Neither agree nor disagree	Agree	Strongly agree	Strongly agree	Strongly agree	Strongly agree	Agree	Neither agree nor disagree	Strongly agree	Agree	Strongly disagree	Disagree	Disagree	Agree	4-6	Completely disagree	Completely agree	60-90 min	prefer not to say	prefer not to say	4-5	3-4	Completely agree	0.5	10 or more	0	Neither agree nor disagree
		IP Address		92	1703	True		SYN_0095							anonymous	EN	I consent to participate in this study	18	Female	High school	Other		Intermediate	Country C	Never	Never	Sometimes	Often	Sometimes	Often	Almost never	Sometimes	Almost never	Never	Almost never	Sometimes	Often	Strongly disagree	Disagree	Disagree	Completely disagree	Strongly disagree	Agree	Completely disagree	Completely disagree	Strongly disagree	Disagree	Strongly disagree	Strongly disagree	Strongly disagree	Agree	Completely disagree	Completely disagree	Disagree	Completely disagree	Disagree	Completely disagree	Completely disagree	Strongly disagree	Completely disagree	Completely disagree	Disagree	Agree	Neither agree nor disagree	Strongly disagree	Completely agree	Agree	Agree	4-6	Disagree	Completely disagree	30-60 min	Disagree	Completely agree	10 or more	3-4	Neither agree nor disagree	7 or more	0	3	Strongly agree
		IP Address		96	1751	True		SYN_0096							anonymous	EN	I consent to participate in this study	57	Female	Bachelor's degree	English		Native	Country A	Never	Always	Always	Almost never	Never	Almost never	Never	Sometimes	Never	Almost never	Never	Never	Often	Completely disagree	Neither agree nor disagree	Disagree	Disagree	Disagree	Strongly disagree	Strongly disagree	Completely disagree	Completely disagree	Completely disagree	Disagree	Strongly disagree	Strongly disagree	Neither agree nor disagree	Strongly disagree	Completely disagree	Strongly disagree	Completely disagree	Disagree	Strongly disagree	Neither agree nor disagree	Disagree	Strongly disagree	Completely disagree	Completely disagree	Disagree	Neither agree nor disagree	Strongly agree	Strongly disagree	Disagree	Neither agree nor disagree	4-6	Disagree	prefer not to say	15-30 min	Strongly agree	Completely agree	3	1	Neither agree nor disagree	2	2	2	Neither agree nor disagree
		IP Address		91	412	True		SYN_0097							anonymous	EN	I consent to participate in this study	63	Male	Master's degree	Other		Intermediate	Country C	Often	Never	Never	Almost never	Never	Never	Never	Sometimes	Almost never	Sometimes	Almost never	Never	Never	Agree	Completely disagree	Strongly disagree	Completely disagree	Neither agree nor disagree	Completely disagree	Agree	Completely agree	Agree	Strongly agree	Agree	Disagree	Strongly agree	Completely disagree	Completely disagree	Strongly disagree	Agree	Completely disagree	Neither agree nor disagree	Strongly disagree	Neither agree nor disagree	Neither agree nor disagree	Disagree	Completely disagree	Strongly disagree	Strongly disagree	Neither agree nor disagree	Completely disagree	Strongly disagree	prefer not to say	Strongly disagree	1	Agree	Completely agree	0-15 min	Disagree	Agree	10 or more	3-4	Completely agree	3	3-5	4	Completely disagree
		IP Address		98	1105	True		SYN_0098							anonymous	EN	I consent to participate in this study	22	Male	High school	Other		Native	Country A	Never	Almost never	Often	Almost never	Sometimes	Often	Often	Sometimes	Often	Never	Sometimes	Often	Often	Disagree	Neither agree nor disagree	Strongly disagree	Strongly agree	Completely disagree	Neither agree nor disagree	Strongly disagree	Completely agree	Disagree	Strongly agree	Strongly disagree	Agree	Disagree	Neither agree nor disagree	Neither agree nor disagree	Strongly disagree	Agree	Agree	Neither agree nor disagree	Disagree	Strongly disagree	Neither agree nor disagree	Strongly agree	Strongly disagree	Agree	Neither agree nor disagree	Neither agree nor disagree	Completely disagree	Neither agree nor disagree	Strongly agree	Disagree	0	Completely disagree	Completely agree	2 hrs	Agree	Completely disagree	4-5	2	Neither agree nor disagree	0	0	0	Strongly disagree
		IP Address		91	1520	True		SYN_0099							anonymous	EN	I consent to participate in this study	29	Male	Bachelor's degree	English		Native	Country A	Often	Often	Always	Always	Often	Always	Always	Almost never	Often	Sometimes	Sometimes	Always	Always	Disagree	Disagree	Completely agree	Neither agree nor disagree	Neither agree nor disagree	Agree	Agree	Completely disagree	Completely agree	Completely agree	Completely agree	Agree	Neither agree nor disagree	Completely agree	Completely agree	Strongly disagree	Neither agree nor disagree	Agree	Completely agree	Agree	Completely agree	Strongly agree	Disagree	Agree	Strongly agree	Strongly agree	Completely agree	Disagree	Strongly disagree	Agree	prefer not to say	1	Strongly agree	prefer not to say	2 hrs	Agree	Completely agree	6-9	0	Disagree	3	0	0	Strongly agree
		IP Address		94	1492	True		SYN_0100							anonymous	EN	I consent to participate in this study	51	Female	High school	Other		Elementary	Country A	Always	Sometimes	Always	Almost never	Almost never	Sometimes	Almost never	Sometimes	Never	Sometimes	Almost never	Never	Sometimes	Strongly agree	Disagree	Agree	Strongly agree	Agree	Strongly disagree	Completely agree	Neither agree nor disagree	Strongly agree	Strongly agree	Neither agree nor disagree	Agree	Strongly agree	Strongly agree	Completely agree	Neither agree nor disagree	Disagree	Neither agree nor disagree	Completely agree	Neither agree nor disagree	Disagree	Agree	Completely agree	Agree	Strongly disagree	Agree	Completely agree	Agree	Strongly disagree	prefer not to say	prefer not to say	2	prefer not to say	Disagree	15-30 min	Strongly agree	Completely agree	2	0.5	Completely agree	3	0.5	4	Disagree
		IP Address		100	1117	True		SYN_0101							anonymous	EN	I consent to participate in this study	51	Male	High school	Other		Advanced	Country C	Always	Often	Often	Almost never	Sometimes	Always	Almost never	Never	Always	Always	Always	Often	Always	Agree	Strongly agree	Completely agree	Strongly agree	Neither agree nor disagree	Completely agree	Completely agree	Agree	Agree	Strongly disagree	Disagree	Disagree	Disagree	Disagree	Neither agree nor disagree	Strongly agree	Strongly disagree	Neither agree nor disagree	Neither agree nor disagree	Agree	Neither agree nor disagree	Neither agree nor disagree	Neither agree nor disagree	Strongly disagree	Agree	Strongly disagree	Neither agree nor disagree	Completely disagree	Completely disagree	Agree	Disagree	3	Completely agree	prefer not to say	prefer not to say	Neither agree nor disagree	Neither agree nor disagree	2	0.5	Completely disagree	1	3-5	3	Neither agree nor disagree
		IP Address		92	580	True		SYN_0102							anonymous	EN	I consent to participate in this study	59	Female	Master's degree	English		Native	Country C	Almost never	Almost never	Always	Almost never	Often	Always	Sometimes	Never	Always	Always	Always	Sometimes	Often	Disagree	Neither agree nor disagree	Strongly agree	Strongly agree	Completely agree	Completely agree	Strongly agree	Agree	Neither agree nor disagree	Completely agree	Strongly agree	Neither agree nor disagree	Strongly agree	Neither agree nor disagree	Strongly agree	Strongly agree	Completely agree	Disagree	Strongly agree	Neither agree nor disagree	Agree	Neither agree nor disagree	Strongly disagree	Neither agree nor disagree	Strongly disagree	Strongly agree	Strongly disagree	Strongly agree	Neither agree nor disagree	Completely agree	Neither agree nor disagree	4-6	Disagree	Completely disagree	30-60 min	Agree	Completely disagree	0	5 or more	Agree	3	0.5	3	Neither agree nor disagree
		IP Address		100	1284	True		SYN_0103							anonymous	EN	I consent to participate in this study	35	Male	High school	Other		Elementary	Country C	Never	Sometimes	Almost never	Often	Often	Never	Sometimes	Always	Sometimes	Always	Often	Almost never	Sometimes	Strongly disagree	Disagree	Disagree	Disagree	Strongly disagree	Neither agree nor disagree	Agree	Disagree	Neither agree nor disagree	Disagree	Neither agree nor disagree	Strongly disagree	Disagree	Strongly disagree	Completely disagree	Neither agree nor disagree	Disagree	Completely agree	Strongly disagree	Disagree	Disagree	Disagree	Strongly agree	Strongly disagree	Disagree	Completely disagree	Completely agree	Completely disagree	Completely agree	prefer not to say	Neither agree nor disagree	0	prefer not to say	prefer not to say	4 hrs or more	Strongly agree	Neither agree nor disagree	2	0.5	Completely disagree	4-6	3-5	1	Completely agree
		IP Address		100	911	True		SYN_0104							anonymous	EN	I consent to participate in this study	26	Prefer not to say	Master's degree	English		Elementary	Country A	Never	Sometimes	Never	Never	Always	Often	Often	Sometimes	Often	Almost never	Always	Never	Often	Agree	Completely agree	Neither agree nor disagree	Strongly disagree	Completely agree	Neither agree nor disagree	Strongly agree	Neither agree nor disagree	Strongly agree	Completely disagree	Strongly disagree	Disagree	Disagree	Agree	Strongly disagree	Disagree	Strongly agree	Completely disagree	Completely disagree	Completely disagree	Agree	Strongly disagree	Strongly disagree	Agree	Neither agree nor disagree	Neither agree nor disagree	Strongly agree	Strongly agree	Disagree	Disagree	Strongly agree	11 or more	Strongly disagree	Disagree	2 hrs	Completely disagree	Agree	2	1.5	Completely disagree	0.5	1	0	prefer not to say
		IP Address		96	329	True		SYN_0105							anonymous	EN	I consent to participate in this study	26	Prefer not to say	Doctorate	Other		Elementary	Country A	Often	Sometimes	Always	Always	Sometimes	Almost never	Often	Almost never	Almost never	Almost never	Never	Often	Almost never	Neither agree nor disagree	Completely disagree	Strongly disagree	Agree	Strongly disagree	Completely disagree	Disagree	Strongly agree	Completely disagree	Disagree	Disagree	Strongly agree	Agree	Neither agree nor disagree	Disagree	Neither agree nor disagree	Disagree	Completely disagree	Agree	Disagree	Neither agree nor disagree	Agree	Completely disagree	Strongly agree	Agree	Completely agree	Neither agree nor disagree	Completely disagree	prefer not to say	prefer not to say	Strongly disagree	3	Disagree	Disagree	30-60 min	Strongly agree	Completely agree	0	1.5	Neither agree nor disagree	3	3-5	6 or more	Completely disagree
		IP Address		94	517	True		SYN_0106							anonymous	EN	I consent to participate in this study	59	Female	Bachelor's degree	Other		Elementary	Country B	Always	Sometimes	Always	Never	Never	Never	Almost never	Almost never	Never	Never	Never	Almost never	Always	Agree	Disagree	Completely agree	Neither agree nor disagree	Strongly disagree	Agree	Agree	Neither agree nor disagree	Completely disagree	Neither agree nor disagree	Disagree	Strongly agree	Completely disagree	Completely disagree	Disagree	Strongly disagree	Neither agree nor disagree	Completely disagree	Neither agree nor disagree	Completely disagree	Neither agree nor disagree		Agree	Agree	Completely disagree	Disagree	Strongly disagree	Disagree	Neither agree nor disagree	Strongly agree	Agree	1	Completely agree	Disagree	prefer not to say	Strongly disagree	Disagree	6-9	2	Agree	7 or more	2	4	Neither agree nor disagree
		IP Address		95	888	True		SYN_0107							anonymous	EN	I consent to participate in this study	62	Female	Bachelor's degree	Other		Native	Country B	Sometimes	Never	Almost never	Never	Sometimes	Always	Always	Sometimes	Almost never	Often	Almost never	Almost never	Often	Strongly agree	Completely disagree	Neither agree nor disagree	Strongly agree	Disagree	Strongly agree	Agree	Agree	Neither agree nor disagree	Neither agree nor disagree	Neither agree nor disagree	Strongly disagree	Completely disagree	Completely agree	Disagree	Agree	Neither agree nor disagree	Agree	Strongly disagree	Disagree	Agree	Agree	Disagree	Completely agree	Neither agree nor disagree	Neither agree nor disagree	Completely disagree	Disagree	prefer not to say	Neither agree nor disagree	Strongly agree	7-10	Completely disagree	Strongly agree	2-3 hrs	Neither agree nor disagree	Neither agree nor disagree	0	0	prefer not to say	4-6	6-9	0	Strongly agree
		IP Address		95	1317	True		SYN_0108							anonymous	EN	I consent to participate in this study	23	Prefer not to say	High school	English		Intermediate	Country C	Often		Often	Always	Never	Always	Almost never	Always	Always	Almost never	Never	Never	Never	Neither agree nor disagree	Completely disagree	Strongly agree	Agree	Disagree	Strongly disagree	Agree	Disagree	Strongly disagree		Disagree	Agree		Agree	Completely agree	Completely agree	Strongly agree	Strongly agree	Disagree	Strongly disagree	Agree	Strongly agree	Completely agree	Completely agree	Completely agree	Neither agree nor disagree	Disagree	Agree	Completely disagree	Disagree	Agree	3	Strongly agree	Completely agree	0-15 min	Strongly agree	Disagree	1	2	Completely disagree	4-6	1	0	Agree
		IP Address		93	1795	True		SYN_0109							anonymous	EN	I consent to participate in this study	48	Female	Bachelor's degree	English		Elementary	Country A	Sometimes	Never	Always	Never	Never	Often	Never	Almost never	Almost never	Almost never	Never	Never	Never	Neither agree nor disagree	Completely disagree	Completely disagree	Disagree	Strongly disagree	Completely disagree	Strongly disagree	Agree	Disagree	Disagree	Neither agree nor disagree	Strongly disagree	Neither agree nor disagree	Neither agree nor disagree	Completely agree	Completely disagree	Completely disagree	Disagree	Completely disagree	Neither agree nor disagree	Neither agree nor disagree	Completely disagree	Strongly agree	Completely disagree	Completely disagree	Strongly agree	Disagree	Agree	Strongly agree	Agree	Disagree	0	Strongly agree	Strongly agree	2-3 hrs	Strongly agree	Completely disagree	6-9	0	Neither agree nor disagree	4-6	3-5	1	Strongly disagree
		IP Address		96	1229	True		SYN_0110							anonymous	EN	I consent to participate in this study	63	Male	Doctorate	Other		Native	Country C	Often	Always	Often	Sometimes	Often	Sometimes	Always	Always	Never	Sometimes	Often	Sometimes	Almost never	Agree	Completely disagree	Disagree	Completely disagree	Strongly agree	Strongly agree	Agree	Strongly agree	Strongly disagree	Completely agree	Agree	Disagree	Strongly disagree	Neither agree nor disagree	Strongly disagree	Disagree	Completely agree	Agree	Disagree	Agree	Neither agree nor disagree	Neither agree nor disagree	Completely agree	Disagree	Disagree	Completely disagree	Neither agree nor disagree	Agree	Disagree	Completely disagree	Completely disagree	7-10	Strongly disagree	Strongly agree	0-15 min	Strongly agree	Agree	0	0.5	prefer not to say	2	10 or more	3	Neither agree nor disagree
		IP Address		92	824	True		SYN_0111							anonymous	EN	I consent to participate in this study	26	Female	High school	Other		Elementary	Country A	Sometimes	Never	Almost never	Almost never	Almost never	Often	Never	Almost never	Often	Never	Often	Almost never	Never	Completely disagree	Neither agree nor disagree	Neither agree nor disagree	Strongly agree	Completely disagree	Strongly agree	Completely disagree	Completely disagree	Disagree	Completely agree	Completely disagree	Strongly disagree	Completely disagree	Disagree	Completely disagree	Strongly disagree	Completely disagree	Completely disagree	Completely disagree	Completely disagree	Completely disagree	Agree	Disagree	Completely disagree	Completely disagree	Neither agree nor disagree	Completely disagree	Completely disagree	Neither agree nor disagree	Agree	Completely agree	1	prefer not to say	Strongly agree	2-3 hrs	Completely agree	Strongly agree	10 or more	0	prefer not to say	7 or more	6-9	0	Strongly agree
		IP Address		93	588	True		SYN_0112							anonymous	EN	I consent to participate in this study	40	Female	Master's degree	Other		Intermediate	Country B	Sometimes	Almost never	Never	Almost never	Never	Sometimes	Always	Almost never	Almost never	Sometimes	Never	Almost never	Almost never	Disagree	Completely disagree	Strongly disagree	Strongly disagree	Strongly disagree	Agree	Strongly disagree	Disagree	Strongly disagree	Completely disagree	Completely disagree	Neither agree nor disagree	Strongly agree	Neither agree nor disagree	Disagree	Completely disagree	Strongly disagree	Agree	Neither agree nor disagree		Neither agree nor disagree	Neither agree nor disagree	Strongly disagree	Strongly disagree	Completely disagree	Completely agree	Disagree	Neither agree nor disagree	Completely disagree	prefer not to say	Completely disagree	4-6	Strongly agree	Disagree	4 hrs or more	Agree	Completely agree	10 or more	0	Strongly disagree	7 or more	6-9	0	Strongly disagree
		IP Address		100	262	True		SYN_0113							anonymous	EN	I consent to participate in this study	23	Prefer not to say	High school	English		Native	Country B	Sometimes	Never	Often	Always	Sometimes	Almost never	Never	Almost never	Almost never	Sometimes	Almost never	Always	Sometimes	Agree	Strongly agree	Strongly disagree	Agree	Agree	Disagree	Agree	Strongly disagree	Strongly disagree	Neither agree nor disagree	Disagree		Agree	Strongly agree	Neither agree nor disagree	Agree	Agree	Neither agree nor disagree	Agree	Disagree	Disagree	Strongly disagree	Disagree	Strongly agree	Neither agree nor disagree	Agree	Strongly agree	Strongly agree	prefer not to say	Completely agree	prefer not to say	3	Strongly agree	Agree	prefer not to say	Completely agree	Completely disagree	0	2	Completely disagree	0	3-5	2	prefer not to say
		IP Address		91	223	True		SYN_0114							anonymous	EN	I consent to participate in this study	65	Prefer not to say	High school	English		Intermediate	Country B	Often	Often	Often	Often	Almost never	Always	Never	Sometimes	Always	Almost never	Often	Often	Often	Neither agree nor disagree	Strongly disagree	Agree	Strongly disagree	Agree	Neither agree nor disagree	Disagree	Strongly disagree	Agree	Disagree	Strongly agree	Neither agree nor disagree	Completely agree	Completely agree	Disagree	Disagree	Agree	Neither agree nor disagree	Disagree	Neither agree nor disagree	Completely agree	Strongly agree	Disagree	Strongly agree	Disagree	Completely disagree		Strongly disagree	Strongly agree	Neither agree nor disagree	Completely agree	2	Agree	Completely disagree	4 hrs or more	prefer not to say	prefer not to say	3	0.5	Completely disagree	0	0.5	4	Agree
		IP Address		93	1440	True		SYN_0115							anonymous	EN	I consent to participate in this study	18	Prefer not to say	Bachelor's degree	Other		Intermediate	Country C	Sometimes	Often	Always	Sometimes	Always	Often	Sometimes	Always	Never	Sometimes	Almost never	Always	Almost never	Completely disagree	Completely disagree	Strongly disagree	Disagree	Completely disagree	Strongly disagree	Disagree	Completely disagree	Disagree	Neither agree nor disagree	Disagree	Disagree	Agree	Disagree	Strongly agree	Strongly disagree	Neither agree nor disagree	Completely agree	Completely agree	Disagree	Strongly agree	Strongly disagree	Completely agree	Strongly agree	Neither agree nor disagree	Disagree	Strongly agree	Completely agree	prefer not to say	Strongly disagree	Disagree	4-6	Completely disagree	Agree	60-90 min	Completely agree	Disagree	0	0	Completely agree	3	3-5	2	Disagree
		IP Address		94	1248	True		SYN_0116							anonymous	EN	I consent to participate in this study	59	Male	Doctorate	English		Native	Country A	Almost never	Often	Never	Sometimes	Always	Sometimes	Never	Never	Always	Sometimes	Almost never	Almost never	Never	Strongly disagree	Strongly disagree	Strongly disagree	Completely disagree	Agree	Disagree	Completely disagree	Completely disagree	Disagree	Strongly disagree	Completely disagree	Disagree	Neither agree nor disagree	Completely disagree	Agree	Disagree	Neither agree nor disagree	Disagree	Neither agree nor disagree	Strongly disagree	Strongly disagree	Agree	Agree	Strongly agree	Strongly disagree	Neither agree nor disagree	Completely disagree	Agree	Completely disagree	Strongly agree	prefer not to say	0	Completely agree	Completely agree	4 hrs or more	Disagree	Agree	2	0.5	Neither agree nor disagree	7 or more	1	3	Disagree
		IP Address		98	722	True		SYN_0117							anonymous	EN	I consent to participate in this study	62	Male	High school	English		Advanced	Country A	Often	Always	Almost never	Sometimes	Always	Almost never	Never	Never	Sometimes	Often	Always	Always	Sometimes	Strongly agree	Strongly agree	Strongly agree	Strongly agree	Agree	Completely agree	Strongly disagree	Neither agree nor disagree	Agree	Agree	Strongly agree	Strongly agree	Disagree	Agree	Completely disagree	Neither agree nor disagree	Strongly disagree	Agree	Disagree	Disagree	Completely disagree	Neither agree nor disagree	Strongly disagree	Strongly disagree	Completely disagree	Disagree	Neither agree nor disagree	Neither agree nor disagree	Strongly disagree	Completely agree	Agree	1	Neither agree nor disagree	Strongly disagree	prefer not to say	Disagree	prefer not to say	6-9	2	Disagree	2	2	3	Strongly agree
		IP Address		92	342	True		SYN_0118							anonymous	EN	I consent to participate in this study	49	Male	Bachelor's degree	Other		Intermediate	Country C	Often	Often	Always	Always	Always	Often	Almost never	Sometimes	Often	Always	Always	Often	Always	Strongly agree	Completely agree	Completely agree	Completely agree	Agree	Strongly agree	Completely agree	Completely agree	Completely agree	Strongly agree	Completely agree	Completely agree	Completely agree	Strongly agree	Completely agree	Strongly agree	Completely agree	Completely agree	Completely agree	Completely agree	Neither agree nor disagree	Completely agree	Strongly agree	Completely agree	Strongly agree	Strongly agree	Completely agree	Neither agree nor disagree	Neither agree nor disagree	prefer not to say	Completely agree	2	Disagree	Strongly agree	4 hrs or more	Neither agree nor disagree	Strongly disagree	1	0	Agree	3	3-5	4	Agree
		IP Address		96	702	True		SYN_0119							anonymous	EN	I consent to participate in this study	44	Female	Master's degree	English		Elementary	Country B	Never	Sometimes	Sometimes	Often	Almost never	Always	Often	Sometimes	Never	Often	Sometimes	Almost never	Often	Strongly disagree	Disagree	Disagree	Disagree	Completely disagree	Neither agree nor disagree	Neither agree nor disagree	Strongly disagree	Agree	Strongly disagree	Strongly disagree	Disagree	Neither agree nor disagree	Completely agree		Agree	Completely agree	Completely agree	Disagree	Neither agree nor disagree	Completely agree	Completely agree	Completely disagree	Agree	Completely agree	Agree	Agree	Agree	Completely agree	Completely disagree	Strongly disagree	0	Completely disagree	Disagree	60-90 min	Agree	Completely disagree	4-5	5 or more	Agree	7 or more	2	0	Strongly agree
		IP Address		97	1491	True		SYN_0120							anonymous	EN	I consent to participate in this study	29	Female	Doctorate	English		Native	Country A	Never	Sometimes	Never	Always		Almost never	Almost never	Almost never	Never	Almost never	Often	Never	Often	Disagree	Strongly agree	Strongly agree	Neither agree nor disagree	Strongly agree	Neither agree nor disagree	Agree	Strongly agree	Strongly agree	Disagree	Disagree	Disagree	Agree	Strongly agree	Strongly agree	Disagree	Neither agree nor disagree	Completely agree	Disagree	Disagree	Strongly disagree	Disagree	Strongly disagree	Completely disagree	Strongly disagree	Agree	Completely disagree	Neither agree nor disagree	prefer not to say	Strongly agree	Agree	2	Completely disagree	Strongly agree	0-15 min	Completely agree	Strongly disagree	10 or more	0.5	Completely agree	1	0.5	0	Disagree
		IP Address		97	280	True		SYN_0121							anonymous	EN	I consent to participate in this study	28	Female	Master's degree	English		Elementary	Country C	Never	Sometimes	Never	Never	Sometimes	Sometimes	Never	Never	Always	Never	Sometimes	Never	Almost never	Neither agree nor disagree	Strongly disagree	Strongly agree	Strongly agree	Agree	Strongly disagree	Agree	Disagree	Strongly disagree	Strongly agree	Agree	Disagree	Agree	Agree	Neither agree nor disagree	Completely agree	Neither agree nor disagree	Completely disagree	Neither agree nor disagree	Agree	Neither agree nor disagree	Completely disagree	Strongly disagree	Neither agree nor disagree	Completely disagree	Neither agree nor disagree	Completely disagree	Strongly disagree	Completely disagree	Strongly agree	Completely agree	7-10	Strongly disagree	Agree	0-15 min	Strongly disagree	Completely disagree	1	5 or more	Disagree	3	10 or more	6 or more	Completely agree
		IP Address		94	646	True		SYN_0122							anonymous	EN	I consent to participate in this study	32	Male	Bachelor's degree	Other		Intermediate	Country A	Never	Almost never	Always	Sometimes	Often	Never	Often	Never	Never	Often	Often	Often	Almost never	Neither agree nor disagree	Strongly agree	Strongly disagree	Agree	Strongly agree	Strongly disagree	Strongly agree	Strongly agree	Neither agree nor disagree	Strongly agree	Agree	Completely agree	Strongly agree	Strongly agree	Disagree	Disagree	Strongly disagree	Strongly disagree	Agree	Strongly agree	Completely agree	Strongly agree	Agree	Completely agree	Strongly agree	Strongly disagree	Strongly disagree	Disagree	Completely agree	Agree	Disagree	1	Strongly disagree	Strongly agree	4 hrs or more	Completely agree	Strongly agree	10 or more	1	Disagree	0	0	6 or more	Strongly agree
		IP Address		100	1133	True		SYN_0123							anonymous	EN	I consent to participate in this study	42	Male	Bachelor's degree	Other		Advanced	Country C	Never	Sometimes	Sometimes	Sometimes	Sometimes	Almost never	Always	Sometimes	Almost never	Often	Often	Sometimes	Often	Agree	Completely agree	Agree	Agree	Neither agree nor disagree	Neither agree nor disagree	Completely agree	Completely agree	Strongly agree	Agree	Disagree	Neither agree nor disagree	Neither agree nor disagree	Completely disagree	Strongly disagree	Agree	Agree	Strongly disagree	Neither agree nor disagree	Neither agree nor disagree	Neither agree nor disagree	Completely disagree	Disagree	Disagree	Neither agree nor disagree	Neither agree nor disagree	Strongly disagree	Completely disagree	Completely agree	Completely disagree	Completely agree	0	Agree	Completely agree	2 hrs	Strongly disagree	prefer not to say	10 or more	1	Strongly agree	2	0.5	4	Completely agree
		IP Address		94	1392	True		SYN_0124							anonymous	EN	I consent to participate in this study	52	Female	High school	Other		Intermediate	Country B	Always	Always	Always	Often	Often	Sometimes	Always	Almost never	Almost never	Always	Often	Always	Never	Agree	Neither agree nor disagree	Completely agree	Strongly agree	Completely agree	Completely agree	Agree	Completely agree	Strongly agree	Neither agree nor disagree	Completely agree	Strongly agree	Strongly agree	Strongly disagree	Completely agree	Strongly agree	Strongly agree	Completely agree	Completely agree	Neither agree nor disagree	Completely agree	Completely agree	Strongly agree	Neither agree nor disagree	Neither agree nor disagree	Agree	Strongly agree	Agree	Agree	Completely disagree	prefer not to say	3	Completely disagree	Neither agree nor disagree	15-30 min	Completely disagree	Strongly agree	2	1	Agree	0	10 or more	0	Completely agree
		IP Address		93	856	True		SYN_0125							anonymous	EN	I consent to participate in this study	29	Female	Doctorate	Other		Advanced	Country A	Often	Often	Sometimes	Often	Never	Sometimes	Almost never	Always	Almost never	Often	Always	Often	Often	Neither agree nor disagree	Agree	Strongly agree	Strongly agree	Neither agree nor disagree	Strongly disagree	Completely agree	Strongly disagree	Agree	Strongly agree	Strongly agree	Agree	Disagree	Neither agree nor disagree	Strongly agree	Disagree	Completely agree	Disagree	Strongly agree	Neither agree nor disagree	Disagree	Agree	Completely disagree	Agree	Disagree	Disagree	Completely agree	Disagree	Completely disagree	Disagree	Neither agree nor disagree	4-6	Agree	Disagree	30-60 min	Strongly disagree	Completely disagree	3	3-4	Completely disagree	0.5	1	4	Neither agree nor disagree
		IP Address		94	314	True		SYN_0126							anonymous	EN	I consent to participate in this study	32	Female	Bachelor's degree	English		Intermediate	Country C	Never	Never	Almost never	Almost never	Sometimes	Often	Often	Sometimes	Sometimes	Never	Never	Often	Never	Completely disagree	Strongly disagree	Strongly disagree	Neither agree nor disagree	Strongly disagree	Strongly disagree	Disagree	Disagree	Strongly agree	Neither agree nor disagree	Neither agree nor disagree	Disagree	Disagree	Strongly agree	Disagree	Completely disagree	Completely disagree	Completely disagree	Agree	Disagree	Completely disagree	Strongly disagree	Neither agree nor disagree	Completely disagree	Completely disagree	Strongly agree	Completely disagree	Strongly disagree	prefer not to say	Agree	prefer not to say	1	prefer not to say	Completely disagree	15-30 min	Neither agree nor disagree	Disagree	6-9	0.5	prefer not to say	7 or more	10 or more	3	prefer not to say
		IP Address		95	1019	True		SYN_0127							anonymous	EN	I consent to participate in this study	33	Prefer not to say	Master's degree	English		Elementary	Country B	Always	Sometimes	Sometimes	Often	Almost never	Often	Almost never	Never	Almost never	Always	Sometimes	Often	Almost never	Agree	Disagree	Neither agree nor disagree	Agree	Strongly agree	Strongly disagree	Agree	Completely agree	Neither agree nor disagree	Completely agree	Strongly agree	Neither agree nor disagree	Agree	Agree	Agree	Completely agree	Agree	Completely agree	Strongly agree	Completely agree	Neither agree nor disagree	Agree	Completely agree	Completely agree	Completely agree	Completely agree	Strongly agree	Neither agree nor disagree	prefer not to say	Strongly agree	Strongly agree	2	prefer not to say	Disagree	30-60 min	Neither agree nor disagree	Completely disagree	10 or more	5 or more	Completely disagree	2	10 or more	0	prefer not to say
		IP Address		94	218	True		SYN_0128							anonymous	EN	I consent to participate in this study	44	Female	Doctorate	English		Native	Country C	Always	Sometimes	Often	Always	Almost never	Always	Often	Sometimes	Always	Often	Always	Always	Sometimes	Completely agree	Completely agree	Completely agree	Strongly agree	Completely agree	Completely agree	Completely agree	Completely agree	Completely agree	Disagree	Completely agree	Completely agree	Strongly agree	Completely agree	Completely agree	Strongly agree	Strongly agree	Strongly disagree	Completely agree	Completely agree	Completely agree	Completely agree	Neither agree nor disagree	Completely agree	Completely agree	Strongly agree	Disagree	Agree	Strongly agree	Completely disagree	Strongly agree	2	Strongly agree	Disagree	2-3 hrs	Strongly agree	Strongly disagree	4-5	2	Completely disagree	3	1	3	Strongly disagree
		IP Address		95	1686	True		SYN_0129							anonymous	EN	I consent to participate in this study	32	Female	High school	English		Advanced	Country C	Almost never	Sometimes	Always	Often	Almost never	Never	Almost never	Never	Almost never	Almost never	Almost never	Almost never	Never	Strongly disagree	Neither agree nor disagree	Agree	Strongly disagree	Disagree	Strongly disagree	Strongly agree	Neither agree nor disagree	Agree	Completely disagree	Disagree	Neither agree nor disagree	Completely agree	Completely disagree	Strongly agree	Neither agree nor disagree	Disagree	Completely agree	Strongly agree	Neither agree nor disagree	Completely agree	Neither agree nor disagree	Strongly disagree	Agree	Completely disagree	Neither agree nor disagree	Agree	Completely agree	Completely disagree	Completely agree	Strongly disagree	1	Disagree	Strongly disagree	60-90 min	Agree	Agree	10 or more	0.5	Strongly agree	3	6-9	0	prefer not to say
		IP Address		94	717	True		SYN_0130							anonymous	EN	I consent to participate in this study	55	Prefer not to say	High school	English		Advanced	Country B	Always	Sometimes	Sometimes	Often	Often	Sometimes		Almost never	Almost never	Almost never	Often	Almost never	Sometimes	Neither agree nor disagree	Disagree	Completely agree	Agree	Strongly disagree	Disagree	Strongly agree	Strongly agree	Strongly disagree	Completely disagree	Completely agree	Agree	Disagree	Agree	Agree	Neither agree nor disagree	Strongly disagree	Neither agree nor disagree	Agree	Disagree	Strongly agree	Completely agree	Neither agree nor disagree	Disagree	Completely agree	Strongly agree	Strongly agree	Strongly agree	Agree	prefer not to say	Completely disagree	2	Disagree	Completely disagree	0-15 min	Strongly disagree	Agree	0	0	prefer not to say	3	0	1	Strongly agree
		IP Address		94	758	True		SYN_0131							anonymous	EN	I consent to participate in this study	47	Male	Bachelor's degree	Other		Elementary	Country C	Almost never	Often	Almost never	Often	Always	Almost never	Almost never	Never	Always	Sometimes	Never	Often	Often	Completely agree	Neither agree nor disagree	Completely agree	Strongly agree	Agree	Completely agree	Disagree	Strongly agree	Strongly agree	Completely agree	Completely agree	Strongly disagree	Disagree	Completely agree	Disagree	Disagree	Strongly disagree	Strongly agree	Strongly agree	Strongly disagree	Completely disagree	Neither agree nor disagree	Agree	Strongly agree	Neither agree nor disagree	Disagree	Strongly agree	Agree	Disagree	Strongly disagree	Strongly agree	2	Disagree	Strongly disagree	4 hrs or more	Agree	Agree	4-5	3-4	prefer not to say	4-6	0.5	6 or more	Strongly agree
		IP Address		96	597	True		SYN_0132							anonymous	EN	I consent to participate in this study	19	Male	Doctorate	English		Native	Country C	Never	Always	Almost never	Often	Almost never	Sometimes	Never	Often	Often	Never	Often	Almost never		Agree	Completely agree	Completely agree	Strongly disagree	Neither agree nor disagree	Disagree	Disagree	Completely agree	Completely disagree	Agree	Strongly agree	Neither agree nor disagree	Strongly agree	Strongly agree	Strongly disagree	Strongly disagree	Completely agree	Strongly disagree	Completely agree	Strongly disagree	Disagree	Disagree	Disagree	Strongly disagree	Agree	Disagree	Completely disagree	Neither agree nor disagree	Disagree	Strongly disagree	Completely disagree	3	Agree	Agree	2-3 hrs	Completely agree	Neither agree nor disagree	10 or more	1.5	Strongly disagree	2	10 or more	2	Completely disagree
		IP Address		93	522	True		SYN_0133							anonymous	EN	I consent to participate in this study	61	Female	Master's degree	English		Intermediate	Country C	Often	Always	Always	Always	Always	Often	Always	Often	Always	Always	Sometimes	Always	Always	Completely agree	Completely agree	Completely agree	Completely agree	Completely agree	Completely agree	Completely agree	Strongly agree	Completely agree	Strongly agree	Agree	Completely agree	Completely agree	Completely agree	Completely agree	Completely agree	Completely agree	Completely agree	Completely agree	Completely agree	Completely agree	Completely agree	Strongly agree	Completely agree	Completely agree	Strongly agree	Disagree	Completely agree	Agree	Strongly agree	Strongly disagree	7-10	Completely agree	Strongly agree	2-3 hrs	Strongly agree	Completely agree	1	2	Strongly disagree	7 or more	10 or more	0	Completely agree
		IP Address		93	1162	True		SYN_0134							anonymous	EN	I consent to participate in this study	61	Prefer not to say	Bachelor's degree	English		Elementary	Country A	Always	Sometimes	Almost never	Sometimes	Never	Sometimes	Often	Almost never	Almost never	Almost never	Never	Always	Almost never	Agree	Agree	Completely agree	Completely agree	Completely agree	Strongly agree	Agree	Completely disagree	Agree	Agree	Completely agree	Disagree	Agree	Agree	Strongly agree	Agree	Completely disagree	Agree	Neither agree nor disagree		Disagree	Agree	Neither agree nor disagree	Neither agree nor disagree	Completely disagree	Neither agree nor disagree	Agree	Neither agree nor disagree	Neither agree nor disagree	Completely agree	Strongly agree	3	Disagree	Disagree	2 hrs	Completely agree	Agree	0	0	prefer not to say	1	0	0	Strongly disagree
		IP Address		100	915	True		SYN_0135							anonymous	EN	I consent to participate in this study	56	Male	Master's degree	Other		Native	Country C	Always	Often	Never	Sometimes	Sometimes	Sometimes		Sometimes	Almost never	Often	Always	Always	Often	Completely agree	Agree	Completely agree	Completely agree	Completely agree	Completely agree	Completely agree	Completely agree	Completely agree	Completely agree	Disagree	Completely agree	Strongly disagree	Strongly agree	Agree	Agree	Completely disagree	Agree	Strongly agree	Strongly agree	Strongly agree	Strongly disagree	Strongly agree	Neither agree nor disagree	Disagree	Strongly disagree	Strongly disagree	Disagree	Disagree	Strongly disagree	prefer not to say	3	Strongly disagree	Agree	30-60 min	Completely disagree	Strongly agree	0	0.5	prefer not to say	7 or more	6-9	3	Strongly agree
		IP Address		97	530	True		SYN_0136							anonymous	EN	I consent to participate in this study	57	Female	Doctorate	Other		Elementary	Country B	Always	Almost never	Often	Almost never	Never	Almost never	Almost never	Sometimes	Always	Sometimes	Almost never	Almost never	Never	Strongly disagree	Completely disagree	Completely disagree	Strongly disagree	Disagree	Agree	Completely disagree	Disagree	Strongly disagree	Strongly disagree	Strongly disagree	Disagree	Agree		Strongly agree	Completely disagree	Completely disagree	Agree	Agree	Strongly disagree	Neither agree nor disagree	Agree	Strongly disagree	Neither agree nor disagree	Strongly disagree	Agree	Strongly disagree	Completely disagree	Strongly agree	Strongly agree	Completely agree	4-6	Agree	Completely agree	2-3 hrs	Strongly agree	Completely agree	4-5	2	Agree	0	10 or more	2	Strongly disagree
		IP Address		97	335	True		SYN_0137							anonymous	EN	I consent to participate in this study	54	Prefer not to say	High school	Other		Elementary	Country C	Never	Sometimes	Sometimes	Always	Never	Never	Never	Often	Never	Never	Almost never	Never	Never	Neither agree nor disagree	Neither agree nor disagree	Completely disagree	Agree	Strongly disagree	Disagree	Completely disagree	Completely disagree	Strongly disagree	Strongly disagree	Completely disagree	Disagree	Disagree	Strongly agree	Completely disagree	Neither agree nor disagree	Completely disagree	Neither agree nor disagree	Strongly agree	Neither agree nor disagree		Neither agree nor disagree	Completely agree	Completely agree	Completely disagree	Disagree	Strongly disagree	Neither agree nor disagree	Agree	Completely disagree	Disagree	11 or more	prefer not to say	Neither agree nor disagree	4 hrs or more	Disagree	Agree	0	5 or more	Completely disagree	4-6	10 or more	3	Agree
		IP Address		98	1374	True		SYN_0138							anonymous	EN	I consent to participate in this study	54	Male	Bachelor's degree	English		Intermediate	Country C	Always	Always	Always	Always	Always	Often	Always	Always	Almost never	Often	Always	Never	Often	Completely disagree	Agree	Disagree	Completely agree	Neither agree nor disagree	Disagree	Neither agree nor disagree	Agree	Completely agree	Strongly agree	Neither agree nor disagree	Disagree	Completely agree	Completely agree	Completely agree	Strongly agree	Completely agree	Neither agree nor disagree	Neither agree nor disagree	Completely agree	Completely agree	Completely agree	Completely agree	Disagree	Completely agree	Completely agree	Completely agree	Strongly agree	Neither agree nor disagree	prefer not to say	Completely agree	11 or more	Neither agree nor disagree	prefer not to say	15-30 min	Completely disagree	Completely disagree	10 or more	0	Completely agree	4-6	6-9	2	prefer not to say
		IP Address		91	811	True		SYN_0139							anonymous	EN	I consent to participate in this study	39	Female	Master's degree	English		Native	Country A	Sometimes	Always	Never	Never	Always	Almost never	Sometimes	Sometimes	Almost never	Never	Never	Never	Never	Completely disagree	Agree	Completely disagree	Completely disagree	Completely disagree	Agree	Completely disagree	Neither agree nor disagree	Completely disagree	Strongly agree	Completely disagree	Strongly disagree	Disagree	Completely disagree	Strongly disagree	Neither agree nor disagree	Neither agree nor disagree	Neither agree nor disagree	Completely disagree	Strongly disagree	Completely disagree	Strongly agree	Completely disagree	Disagree	Completely disagree	Completely disagree	Completely agree	Completely agree	Strongly disagree	Neither agree nor disagree	Disagree	11 or more	Disagree	Disagree	60-90 min	prefer not to say	Disagree	10 or more	1.5	Strongly disagree	0.5	2	2	Disagree
		IP Address		93	1747	True		SYN_0140							anonymous	EN	I consent to participate in this study	23	Prefer not to say	Bachelor's degree	English		Native	Country B	Often	Often	Never	Often	Sometimes	Almost never	Sometimes	Often	Never	Almost never	Almost never	Almost never	Never	Completely disagree	Completely disagree	Strongly disagree	Completely disagree	Completely disagree	Completely disagree	Completely disagree	Strongly disagree	Strongly disagree	Completely disagree	Neither agree nor disagree	Neither agree nor disagree	Strongly agree	Agree	Neither agree nor disagree	Agree	Strongly agree	Completely agree	Strongly disagree	Completely agree	Strongly agree	Neither agree nor disagree	Strongly agree	Strongly disagree	Disagree	Strongly agree	Completely disagree		Strongly agree	Strongly disagree	Completely agree	7-10	Strongly disagree	Disagree	2-3 hrs	Neither agree nor disagree	Completely disagree	3	1	Strongly agree	3	10 or more	6 or more	Completely agree
		IP Address		99	525	True		SYN_0141							anonymous	EN	I consent to participate in this study	42	Female	High school	Other		Elementary	Country B	Always	Often	Always	Often	Always	Always	Sometimes	Almost never	Sometimes	Sometimes	Almost never	Never	Often	Completely disagree	Strongly disagree	Neither agree nor disagree	Strongly agree	Completely disagree	Completely disagree	Disagree	Strongly disagree	Completely disagree	Strongly disagree		Completely disagree	Neither agree nor disagree	Agree	Completely agree	Strongly agree	Disagree	Completely agree	Completely agree	Completely agree	Completely agree	Completely agree	Agree	Strongly agree	Completely agree	Completely agree	Strongly agree	Strongly agree	Completely disagree	Strongly disagree	prefer not to say	3	Completely disagree	Disagree	60-90 min	Completely agree	Completely agree	3	3-4	prefer not to say	1	3-5	0	Strongly disagree
		IP Address		93	688	True		SYN_0142							anonymous	EN	I consent to participate in this study	30	Prefer not to say	High school	English		Native	Country B	Always	Always	Sometimes	Sometimes	Never	Sometimes	Almost never	Often	Always	Always	Always	Always	Always	Completely agree	Completely agree	Strongly agree	Strongly agree	Completely agree	Strongly disagree	Completely agree	Agree	Strongly agree	Strongly disagree	Completely agree	Agree	Neither agree nor disagree	Strongly disagree	Agree	Strongly disagree	Disagree	Neither agree nor disagree	Neither agree nor disagree	Completely agree	Neither agree nor disagree	Disagree	Agree	Strongly agree	Agree	Disagree	Neither agree nor disagree	Neither agree nor disagree	Strongly disagree	Agree	Completely disagree	11 or more	prefer not to say	Agree	4 hrs or more	Completely disagree	Strongly agree	2	3-4	Strongly disagree	4-6	0	6 or more	Neither agree nor disagree
		IP Address		93	1041	True		SYN_0143							anonymous	EN	I consent to participate in this study	37	Female	High school	English		Elementary	Country C	Sometimes	Often	Never	Often	Never	Almost never	Always	Often	Almost never	Almost never	Sometimes	Sometimes	Always	Agree	Neither agree nor disagree	Completely disagree	Strongly disagree	Strongly agree	Agree	Strongly disagree	Completely agree	Agree	Neither agree nor disagree	Strongly disagree	Disagree	Disagree	Agree	Agree	Completely agree	Strongly disagree	Strongly disagree	Strongly agree	Strongly disagree	Agree	Neither agree nor disagree	Strongly disagree	Neither agree nor disagree	Completely agree	Neither agree nor disagree	Strongly disagree	Completely agree	Disagree	Strongly agree	Completely disagree	11 or more	Agree	prefer not to say	prefer not to say	Completely disagree	prefer not to say	3	1.5	Completely disagree	4-6	0.5	0	Disagree
		IP Address		98	677	True		SYN_0144							anonymous	EN	I consent to participate in this study	48	Male	Master's degree	Other		Advanced	Country B	Sometimes	Never	Always	Often	Always	Sometimes	Always	Almost never	Always	Sometimes	Never	Always	Always	Completely agree	Agree	Disagree	Strongly agree	Completely agree	Strongly agree	Agree	Completely agree	Agree	Disagree	Completely disagree	Completely agree	Completely agree	Strongly agree	Neither agree nor disagree	Disagree	Completely agree	Completely agree	Completely agree	Completely agree	Disagree	Strongly disagree	Completely disagree	Disagree	Strongly agree	Neither agree nor disagree	Disagree	Strongly agree	Strongly disagree	Completely disagree	Completely agree	2	Agree	prefer not to say	prefer not to say	Strongly disagree	Agree	1	5 or more	Agree	2	3-5	5	prefer not to say
		IP Address		95	1746	True		SYN_0145							anonymous	EN	I consent to participate in this study	30	Female	Master's degree	English		Intermediate	Country A	Never	Often	Almost never	Almost never	Never	Always	Always	Sometimes	Almost never	Often	Always	Often	Often	Neither agree nor disagree	Completely agree	Agree	Agree	Strongly agree	Strongly disagree	Completely agree	Completely disagree	Strongly agree	Strongly agree	Strongly disagree	Agree	Completely agree	Completely disagree	Completely disagree	Agree	Strongly disagree	Disagree	Completely disagree	Strongly disagree	Disagree	Agree	Completely disagree	Strongly disagree	Completely disagree	Disagree	Completely agree	Disagree	Completely agree	Completely agree	Agree	3	Neither agree nor disagree	Strongly disagree	2-3 hrs	prefer not to say	Disagree	2	0	Neither agree nor disagree	1	2	4	Completely disagree
		IP Address		99	688	True		SYN_0146							anonymous	EN	I consent to participate in this study	38	Male	Doctorate	English		Intermediate	Country A	Always	Sometimes	Often	Always	Sometimes	Always	Always	Sometimes	Often	Often	Almost never	Sometimes	Often	Neither agree nor disagree	Strongly agree	Completely agree	Completely agree	Strongly agree	Neither agree nor disagree	Neither agree nor disagree	Completely agree	Strongly agree	Strongly agree	Disagree	Agree	Strongly agree	Completely disagree	Agree	Completely agree	Completely agree	Completely agree	Completely agree	Completely agree	Strongly agree	Neither agree nor disagree	Completely agree	Completely agree	Neither agree nor disagree	Agree	Completely agree	Strongly agree	prefer not to say	Completely agree	Disagree	3	Strongly disagree	Disagree	30-60 min	Completely disagree	Completely agree	6-9	1	Completely disagree	1	0	1	Completely agree
		IP Address		94	1584	True		SYN_0147							anonymous	EN	I consent to participate in this study	48	Male	High school	English		Intermediate	Country A	Always	Often	Sometimes	Always	Often	Always	Always	Always	Sometimes	Always	Sometimes	Often	Sometimes	Agree	Strongly agree	Neither agree nor disagree	Strongly agree	Strongly agree	Neither agree nor disagree	Neither agree nor disagree	Completely agree	Strongly agree	Strongly agree	Strongly agree	Completely agree	Completely agree	Agree	Completely agree	Strongly agree	Agree	Strongly agree	Strongly agree	Strongly agree	Agree	Completely agree	Agree	Strongly agree	Disagree	Disagree	Strongly agree	Agree	Strongly agree	Strongly agree	Strongly disagree	0	Agree	Disagree	2 hrs	Disagree	Disagree	6-9	5 or more	Completely disagree	7 or more	10 or more	6 or more	prefer not to say
		IP Address		96	1426	True		SYN_0148							anonymous	EN	I consent to participate in this study	38	Female	Bachelor's degree	Other		Intermediate	Country B	Sometimes	Often	Always	Sometimes	Sometimes	Often	Never	Always	Often	Almost never	Always	Always	Sometimes	Strongly disagree	Strongly agree	Strongly agree	Agree	Disagree	Strongly agree	Strongly agree	Neither agree nor disagree	Agree	Disagree	Strongly disagree	Agree	Strongly disagree	Strongly agree	Agree	Neither agree nor disagree	Strongly agree	Completely agree	Neither agree nor disagree	Strongly disagree	Completely agree	Strongly disagree	Strongly agree	Agree	Completely agree	Completely agree	Agree	Agree	Strongly agree	prefer not to say	Neither agree nor disagree	2	Neither agree nor disagree	Disagree	30-60 min	Strongly agree	Completely disagree	1	3-4	prefer not to say	2	10 or more	6 or more	Completely disagree
		IP Address		98	1067	True		SYN_0149							anonymous	EN	I consent to participate in this study	52	Prefer not to say	Master's degree	Other		Advanced	Country A	Sometimes	Sometimes	Always	Always	Never	Often	Almost never	Almost never	Often	Almost never	Never	Often	Never	Completely agree	Completely agree	Neither agree nor disagree	Completely agree	Neither agree nor disagree	Strongly agree	Agree	Strongly agree	Agree	Agree	Completely disagree	Disagree	Completely agree	Strongly agree	Completely agree	Completely agree	Agree	Neither agree nor disagree	Agree	Neither agree nor disagree	Agree	Completely agree	Neither agree nor disagree	Agree	Neither agree nor disagree	Strongly agree	Disagree	Agree	Strongly disagree	prefer not to say	prefer not to say	3	Agree	Completely agree	15-30 min	Agree	Disagree	6-9	0.5	Neither agree nor disagree	4-6	3-5	3	Disagree
		IP Address		100	1618	True		SYN_0150							anonymous	EN	I consent to participate in this study	35	Female	High school	Other		Native	Country B	Always	Never	Always	Almost never	Always	Sometimes	Often	Often	Always	Often	Always	Sometimes	Often	Completely agree	Strongly agree	Strongly agree	Agree	Strongly agree	Completely agree	Strongly agree	Neither agree nor disagree	Completely agree	Agree	Completely agree	Completely agree	Agree		Completely agree	Agree	Agree	Completely agree	Strongly agree	Completely agree	Strongly agree	Completely agree	Strongly agree	Disagree	Strongly agree	Completely agree	Strongly disagree	Completely agree	Neither agree nor disagree	prefer not to say	Neither agree nor disagree	3	Completely agree	Strongly disagree	prefer not to say	Neither agree nor disagree	Strongly agree	1	0	Completely agree	4-6	0	2	Disagree
		IP Address		98	1181	True		SYN_0151							anonymous	EN	I consent to participate in this study	40	Prefer not to say	High school	Other		Advanced	Country B	Always	Almost never	Never	Always	Always	Sometimes	Always	Often	Often	Never	Sometimes	Often	Never	Strongly disagree	Agree	Disagree	Completely agree	Completely disagree	Disagree	Completely agree	Completely agree	Completely agree	Completely agree	Completely agree	Agree	Completely agree	Strongly disagree	Strongly agree	Strongly agree		Neither agree nor disagree	Completely agree	Agree	Strongly agree	Neither agree nor disagree	Strongly agree	Neither agree nor disagree	Agree	Disagree	Completely agree	Strongly disagree	Disagree	Agree	Disagree	0	Strongly agree	Completely disagree	60-90 min	Disagree	Completely disagree	6-9	0.5	Strongly agree	2	10 or more	4	Strongly agree
		IP Address		93	289	True		SYN_0152							anonymous	EN	I consent to participate in this study	46	Male	Master's degree	Other		Advanced	Country B	Sometimes	Always	Often	Sometimes	Almost never	Almost never	Always	Almost never	Never	Almost never	Almost never	Never	Never	Completely disagree		Completely disagree	Completely disagree	Completely disagree	Completely disagree	Completely disagree	Disagree	Completely disagree	Disagree	Completely disagree	Strongly disagree	Neither agree nor disagree	Disagree	Completely disagree	Completely agree	Strongly disagree	Neither agree nor disagree	Disagree	Completely disagree	Disagree	Strongly agree	Strongly agree	Strongly agree	Completely disagree	Disagree	Disagree	Agree	Disagree	Agree	Strongly disagree	3	Neither agree nor disagree	Strongly agree	2 hrs	Completely disagree	Disagree	3	0.5	prefer not to say	0.5	1	5	Disagree
		IP Address		97	1756	True		SYN_0153							anonymous	EN	I consent to participate in this study	41	Female	Bachelor's degree	English		Native	Country A	Almost never	Often	Often	Never	Often	Almost never	Never	Often	Sometimes	Often	Often	Sometimes	Almost never	Disagree	Neither agree nor disagree	Strongly agree	Agree	Agree	Neither agree nor disagree	Neither agree nor disagree	Completely disagree	Strongly agree	Completely disagree	Strongly agree	Neither agree nor disagree	Neither agree nor disagree	Strongly disagree	Strongly disagree		Completely disagree	Completely disagree	Completely agree	Strongly agree	Strongly disagree	Neither agree nor disagree	Neither agree nor disagree	Disagree	Completely disagree	Completely disagree	Completely disagree	Completely disagree	Strongly disagree	Strongly disagree	Disagree	0	Completely disagree	Completely disagree	30-60 min	Strongly agree	Completely agree	2	3-4	Strongly agree	1	2	5	Completely agree
		IP Address		94	1150	True		SYN_0154							anonymous	EN	I consent to participate in this study	50	Female	Bachelor's degree	English		Elementary	Country C	Sometimes	Always	Sometimes	Sometimes	Often	Almost never	Almost never	Always	Always	Almost never	Often	Often	Often	Strongly disagree	Completely disagree	Disagree	Neither agree nor disagree	Completely disagree	Disagree	Disagree	Agree	Strongly agree	Agree	Strongly disagree	Disagree	Neither agree nor disagree	Agree	Completely agree	Agree	Neither agree nor disagree	Strongly disagree	Completely disagree	Strongly agree	Strongly disagree	Agree	Strongly agree	Disagree	Strongly disagree	Completely disagree	Completely disagree	Completely disagree	Completely disagree	Strongly agree	Strongly disagree	1	Neither agree nor disagree	Neither agree nor disagree	15-30 min	Strongly agree	Strongly agree	1	1.5	Completely disagree	0.5	1	3	Completely agree
		IP Address		95	1638	True		SYN_0155							anonymous	EN	I consent to participate in this study	59	Male	Master's degree	English		Advanced	Country C	Often	Often	Often	Almost never	Almost never	Always	Almost never	Always	Often	Often	Sometimes	Always	Never	Disagree	Disagree	Neither agree nor disagree	Disagree	Agree	Neither agree nor disagree	Disagree	Completely disagree	Disagree	Completely disagree	Disagree	Disagree	Agree	Strongly agree	Disagree	Strongly agree	Strongly disagree	Agree	Strongly agree	Strongly disagree		Agree	Neither agree nor disagree	Completely disagree	Completely agree	Strongly agree	Neither agree nor disagree	Strongly disagree	Disagree	Completely agree	Completely disagree	1	Strongly disagree	Agree	60-90 min	Agree	Disagree	4-5	0	Strongly agree	7 or more	1	2	Strongly disagree
		IP Address		100	1044	True		SYN_0156							anonymous	EN	I consent to participate in this study	32	Female	Master's degree	English		Intermediate	Country B	Almost never	Sometimes	Sometimes	Often	Almost never	Always	Always	Almost never	Almost never	Always	Almost never	Almost never	Always	Completely agree	Strongly disagree	Disagree	Agree	Agree	Strongly agree	Strongly disagree	Disagree	Agree	Strongly agree	Strongly disagree	Neither agree nor disagree	Strongly agree	Agree	Strongly disagree	Completely disagree	Strongly disagree	Strongly disagree	Completely disagree	Neither agree nor disagree	Completely disagree	Strongly agree	Completely disagree	Completely disagree	Completely disagree	Neither agree nor disagree	Completely agree	Completely disagree	Completely disagree	Neither agree nor disagree	Completely agree	3	Neither agree nor disagree	Strongly agree	60-90 min	Completely agree	Completely agree	6-9	1.5	Strongly disagree	7 or more	6-9	5	Strongly agree
		IP Address		94	1041	True		SYN_0157							anonymous	EN	I consent to participate in this study	59	Prefer not to say	High school	English		Elementary	Country A	Almost never	Always	Sometimes	Sometimes	Never	Often	Always	Often	Sometimes	Always	Almost never	Always	Almost never	Completely agree	Agree	Strongly agree	Strongly agree	Completely agree	Agree	Strongly agree	Neither agree nor disagree	Completely agree	Completely agree	Agree	Completely agree	Strongly disagree	Disagree	Completely disagree	Agree	Strongly disagree	Completely agree	Completely agree	Strongly disagree	Neither agree nor disagree	Neither agree nor disagree	Neither agree nor disagree	Neither agree nor disagree	Completely disagree	Completely disagree	Strongly disagree	Completely agree	Neither agree nor disagree	prefer not to say	prefer not to say	2	Completely agree	Agree	60-90 min	Completely agree	Disagree	4-5	3-4	Completely disagree	3	10 or more	5	Neither agree nor disagree
		IP Address		93	1475	True		SYN_0158							anonymous	EN	I consent to participate in this study	63	Male	Doctorate	Other		Native	Country A	Sometimes	Almost never	Almost never	Always		Never	Sometimes	Often	Often	Sometimes	Almost never	Sometimes	Always	Agree	Strongly disagree	Completely agree	Neither agree nor disagree	Disagree	Neither agree nor disagree	Completely disagree	Strongly disagree	Agree	Agree	Neither agree nor disagree	Neither agree nor disagree	Agree	Neither agree nor disagree	Completely agree	Neither agree nor disagree	Completely disagree	Strongly agree	Strongly agree	Completely agree	Neither agree nor disagree	Agree	Neither agree nor disagree	Completely disagree	Disagree	Strongly agree	Strongly agree	Neither agree nor disagree	Agree	Agree	Neither agree nor disagree	0	Completely agree	Completely agree	2-3 hrs	Strongly disagree	Agree	10 or more	5 or more	Completely agree	7 or more	1	2	Neither agree nor disagree
		IP Address		92	893	True		SYN_0159							anonymous	EN	I consent to participate in this study	26	Female	Master's degree	Other		Advanced	Country C	Often	Often	Always	Always	Sometimes	Often	Almost never	Always	Always	Always	Always	Always	Always	Agree	Completely agree	Agree	Agree	Neither agree nor disagree	Completely agree	Strongly agree	Agree	Completely agree	Disagree		Strongly agree		Completely agree	Completely agree	Agree	Neither agree nor disagree	Strongly disagree	Completely agree	Strongly agree	Agree	Strongly agree	Completely agree	Completely agree	Strongly agree	Completely agree	Completely agree	Completely agree	Completely disagree	Completely disagree	Completely disagree	3	Strongly agree	Strongly disagree	60-90 min	Agree	Neither agree nor disagree	1	1.5	Neither agree nor disagree	0.5	3-5	1	Completely agree
		IP Address		98	1531	True		SYN_0160							anonymous	EN	I consent to participate in this study	37	Male	Doctorate	English		Elementary	Country B	Never	Never	Always	Often	Never	Often	Almost never	Never	Never	Sometimes	Never	Never	Almost never	Strongly disagree	Strongly disagree	Completely disagree	Strongly disagree	Completely disagree	Completely disagree	Completely disagree	Completely disagree	Completely disagree	Completely disagree	Completely disagree	Completely disagree	Neither agree nor disagree	Strongly disagree	Neither agree nor disagree	Completely disagree	Completely agree	Agree	Agree	Neither agree nor disagree	Strongly disagree	Disagree	Agree	Strongly disagree	Disagree	Neither agree nor disagree	Disagree	Neither agree nor disagree	Agree	Strongly disagree	Completely agree	0	Strongly disagree	Strongly agree	4 hrs or more	Disagree	Completely agree	1	3-4	Completely agree	3	0.5	2	prefer not to say
		IP Address		95	200	True		SYN_0161							anonymous	EN	I consent to participate in this study	27	Female	High school	Other		Elementary	Country A	Always	Always	Sometimes	Always	Always	Often	Sometimes	Often	Never	Sometimes	Almost never	Sometimes	Never	Strongly disagree	Completely disagree	Strongly disagree	Neither agree nor disagree	Completely disagree	Neither agree nor disagree	Strongly disagree	Disagree	Completely disagree	Disagree	Neither agree nor disagree	Neither agree nor disagree	Completely agree	Completely agree	Completely agree	Completely agree	Agree	Disagree	Completely agree		Completely agree	Strongly disagree	Completely agree	Agree	Completely agree	Strongly agree	Completely agree	Completely agree	Agree	Completely disagree	Strongly agree	7-10	prefer not to say	Completely disagree	60-90 min	Agree	prefer not to say	0	0.5	Strongly agree	0	0.5	5	Strongly disagree
		IP Address		94	207	True		SYN_0162							anonymous	EN	I consent to participate in this study	35	Female	Doctorate	English		Native	Country B	Often	Often	Never	Sometimes	Almost never	Always	Often	Always	Never	Almost never	Sometimes	Almost never	Sometimes	Neither agree nor disagree	Completely disagree	Completely disagree	Neither agree nor disagree	Strongly disagree	Completely disagree	Completely disagree	Completely disagree	Strongly disagree	Disagree	Strongly disagree	Strongly disagree	Strongly agree	Neither agree nor disagree	Disagree	Disagree	Neither agree nor disagree	Disagree	Neither agree nor disagree	Neither agree nor disagree	Completely disagree	Strongly disagree	Disagree	Completely disagree	Completely agree	Agree	Strongly disagree	Completely disagree	Strongly agree	Disagree	Agree	0	Disagree	Strongly agree	15-30 min	Strongly disagree	Completely agree	1	0.5	Completely disagree	0.5	6-9	6 or more	Agree
		IP Address		91	559	True		SYN_0163							anonymous	EN	I consent to participate in this study	41	Female	Doctorate	Other		Elementary	Country A	Always	Often	Sometimes	Sometimes	Never	Always	Never	Always	Always	Always	Often	Never	Almost never	Neither agree nor disagree	Agree	Completely agree	Completely disagree	Completely agree	Completely agree	Strongly agree	Completely agree	Completely agree	Strongly agree	Strongly agree	Completely agree	Neither agree nor disagree	Strongly agree	Agree	Completely disagree	Completely agree	Neither agree nor disagree	Neither agree nor disagree	Strongly agree	Strongly agree	Strongly disagree	Disagree	Completely agree	Strongly disagree	Neither agree nor disagree	Strongly disagree	Completely agree	Disagree	Strongly disagree	Neither agree nor disagree	11 or more	prefer not to say	Completely disagree	2 hrs	Completely agree	prefer not to say	2	5 or more	Disagree	4-6	0.5	5	prefer not to say
		IP Address		100	493	True		SYN_0164							anonymous	EN	I consent to participate in this study	64	Prefer not to say	Master's degree	Other		Native	Country B	Almost never	Sometimes	Sometimes	Often	Always	Almost never	Sometimes	Sometimes	Almost never	Never	Almost never	Almost never	Almost never	Completely disagree	Completely disagree	Strongly disagree	Completely disagree		Strongly disagree	Completely disagree	Disagree	Completely disagree	Disagree	Completely disagree	Strongly disagree	Disagree	Strongly agree	Agree	Strongly disagree	Neither agree nor disagree	Completely agree	Completely disagree	Strongly disagree	Strongly agree	Neither agree nor disagree	Strongly disagree	Completely agree	Strongly agree	Disagree	Disagree	Completely agree	Neither agree nor disagree	Neither agree nor disagree	Disagree	3	Completely disagree	Disagree	15-30 min	prefer not to say	prefer not to say	1	2	Agree	0	3-5	5	Agree
		IP Address		91	1297	True		SYN_0165							anonymous	EN	I consent to participate in this study	48	Prefer not to say	High school	Other		Native	Country C	Always	Always	Sometimes	Almost never	Often	Always	Often	Almost never	Almost never	Never	Sometimes	Often	Sometimes	Completely disagree	Disagree	Disagree	Completely disagree	Disagree	Strongly agree	Disagree	Disagree	Disagree	Completely disagree	Disagree	Strongly disagree	Strongly disagree	Completely agree	Completely agree	Completely agree	Completely agree	Neither agree nor disagree	Agree	Completely agree	Strongly agree	Strongly agree	Strongly agree	Completely agree	Agree	Completely disagree	Agree	Completely agree	Strongly disagree	Disagree	Completely agree	2	prefer not to say	prefer not to say	0-15 min	Strongly agree	Agree	10 or more	2	Completely agree	7 or more	3-5	3	prefer not to say
		IP Address		95	655	True		SYN_0166							anonymous	EN	I consent to participate in this study	34	Female	Doctorate	English		Advanced	Country C	Almost never	Always	Always	Never	Sometimes	Often	Always	Almost never	Almost never	Sometimes	Often	Always	Sometimes	Neither agree nor disagree		Neither agree nor disagree	Strongly disagree	Strongly agree	Strongly agree	Strongly disagree	Neither agree nor disagree	Disagree	Completely disagree	Strongly disagree	Agree	Agree	Strongly disagree	Disagree	Disagree	Completely agree	Strongly agree	Agree	Neither agree nor disagree	Neither agree nor disagree	Neither agree nor disagree	Neither agree nor disagree	Agree	Neither agree nor disagree	Strongly agree	Disagree	Completely agree	Disagree	Disagree	Agree	4-6	Completely agree	Neither agree nor disagree	15-30 min	Strongly agree	Completely agree	1	0	Strongly disagree	7 or more	6-9	1	Strongly disagree
		IP Address		99	308	True		SYN_0167							anonymous	EN	I consent to participate in this study	50	Prefer not to say	High school	English		Elementary	Country A	Always	Sometimes	Always	Always	Always	Sometimes	Never	Often	Almost never	Almost never	Always	Always	Always	Completely agree	Disagree	Completely agree	Strongly agree	Strongly agree	Completely agree	Agree	Agree	Completely agree	Completely agree	Strongly agree	Strongly agree	Agree	Disagree	Completely disagree	Completely disagree	Completely agree	Neither agree nor disagree	Disagree	Strongly disagree	Completely agree	Neither agree nor disagree	Neither agree nor disagree	Agree	Completely disagree	Neither agree nor disagree	Strongly agree	Disagree	Agree	Strongly disagree	Strongly agree	0	Neither agree nor disagree	Neither agree nor disagree	2 hrs	Neither agree nor disagree	Strongly agree	3	5 or more	Completely disagree	4-6	6-9	5	Strongly disagree
		IP Address		100	242	True		SYN_0168							anonymous	EN	I consent to participate in this study	55	Prefer not to say	Doctorate	Other		Advanced	Country C	Sometimes	Sometimes	Often	Always	Almost never	Never	Sometimes	Almost never	Sometimes	Almost never	Almost never	Never	Almost never	Strongly disagree	Strongly disagree	Completely disagree	Agree		Disagree	Agree	Completely disagree	Strongly disagree	Strongly disagree	Strongly agree	Neither agree nor disagree	Agree	Neither agree nor disagree	Neither agree nor disagree	Disagree	Neither agree nor disagree	Disagree	Agree	Neither agree nor disagree	Neither agree nor disagree	Completely disagree	Strongly disagree	Neither agree nor disagree	Completely disagree	Strongly agree	Strongly disagree	Completely disagree	prefer not to say	Strongly agree	Strongly agree	2	prefer not to say	Disagree	60-90 min	Neither agree nor disagree	Neither agree nor disagree	1	1.5	Completely disagree	4-6	10 or more	3	prefer not to say
		IP Address		95	559	True		SYN_0169							anonymous	EN	I consent to participate in this study	43	Male	High school	Other		Advanced	Country B	Often	Always	Almost never	Often	Often	Often	Often	Almost never	Sometimes		Always	Often	Sometimes	Strongly agree	Neither agree nor disagree	Agree	Completely agree	Completely agree	Strongly agree	Neither agree nor disagree	Strongly agree	Completely agree	Completely agree	Strongly agree	Agree	Neither agree nor disagree	Strongly agree	Agree	Neither agree nor disagree	Agree	Disagree	Agree	Strongly agree	Neither agree nor disagree	Neither agree nor disagree	Completely agree	Agree	Completely agree	Neither agree nor disagree	Strongly agree		Completely disagree	Completely disagree	Strongly disagree	0	Neither agree nor disagree	Completely agree	15-30 min	prefer not to say	Strongly agree	2	0.5	Agree	7 or more	1	4	prefer not to say
		IP Address		97	1331	True		SYN_0170							anonymous	EN	I consent to participate in this study	44	Male	High school	English		Elementary	Country C	Never	Never	Sometimes	Never	Sometimes	Almost never	Almost never	Sometimes	Sometimes	Sometimes	Almost never	Sometimes	Never	Disagree	Strongly agree	Strongly disagree	Completely disagree	Disagree	Disagree	Strongly disagree	Completely disagree	Completely disagree	Strongly agree	Strongly disagree	Disagree	Strongly disagree	Completely disagree	Completely disagree	Strongly disagree	Strongly disagree	Completely disagree	Strongly disagree	Completely disagree	Completely disagree	Completely disagree	Completely disagree	Completely disagree	Strongly disagree	Strongly disagree	Strongly agree	Completely disagree	Completely disagree	Disagree	Disagree	1	Strongly disagree	Agree	60-90 min	Agree	Completely agree	6-9	1.5	Strongly agree	4-6	10 or more	3	Completely agree
		IP Address		94	1199	True		SYN_0171							anonymous	EN	I consent to participate in this study	18	Male	Bachelor's degree	Other		Elementary	Country B	Never	Never	Sometimes	Never	Almost never	Never	Almost never	Never	Never	Never	Almost never	Never	Never	Disagree	Strongly disagree	Completely disagree	Completely disagree	Completely disagree	Strongly disagree		Completely disagree	Strongly disagree	Completely disagree	Completely disagree	Completely disagree	Completely disagree	Completely disagree	Completely disagree		Completely disagree	Strongly disagree	Completely disagree		Completely disagree	Strongly disagree	Completely disagree	Completely disagree	Neither agree nor disagree	Completely disagree	Completely disagree	Completely disagree	Strongly agree	Strongly disagree	prefer not to say	1	Strongly disagree	Strongly agree	prefer not to say	Completely disagree	Completely agree	10 or more	2	Disagree	2	10 or more	0	Strongly agree
		IP Address		100	244	True		SYN_0172							anonymous	EN	I consent to participate in this study	46	Prefer not to say	Master's degree	English		Advanced	Country A	Never	Almost never	Almost never	Often	Almost never	Almost never	Never	Sometimes	Often	Almost never	Often	Never	Sometimes	Disagree	Completely disagree	Disagree	Agree	Neither agree nor disagree	Strongly agree	Disagree	Completely disagree	Strongly agree	Completely agree	Strongly disagree	Completely disagree	Agree	Strongly disagree	Strongly disagree	Neither agree nor disagree	Disagree	Disagree	Strongly disagree	Disagree	Completely disagree	Strongly disagree	Agree	Strongly disagree	Disagree	Completely disagree	Disagree	Completely disagree	Strongly disagree	Completely agree	prefer not to say	1	Completely disagree	Completely agree	15-30 min	Agree	Strongly disagree	6-9	5 or more	Neither agree nor disagree	1	6-9	1	Agree
		IP Address		98	787	True		SYN_0173							anonymous	EN	I consent to participate in this study	23	Male	Master's degree	English		Native	Country B	Often	Often	Always	Always	Always	Always	Always	Always	Always	Almost never	Always	Almost never	Always	Strongly agree	Completely agree	Agree	Strongly agree	Strongly agree	Disagree	Neither agree nor disagree	Strongly disagree	Agree	Completely agree	Agree	Completely agree	Neither agree nor disagree	Agree	Completely agree	Completely agree	Neither agree nor disagree	Completely agree	Strongly agree	Agree	Completely agree	Strongly agree	Neither agree nor disagree	Completely agree	Strongly agree	Agree	Neither agree nor disagree	Completely agree	Agree	prefer not to say	Strongly agree	2	Strongly disagree	Disagree	30-60 min	Completely agree	Completely agree	0	0.5	prefer not to say	1	2	5	Completely agree
		IP Address		93	1445	True		SYN_0174							anonymous	EN	I consent to participate in this study	55	Female	Doctorate	English		Advanced	Country A	Almost never	Never	Almost never	Almost never	Always	Never	Almost never	Never	Sometimes	Always	Sometimes	Always	Almost never	Neither agree nor disagree	Neither agree nor disagree	Strongly disagree	Strongly disagree	Completely disagree	Strongly disagree	Completely disagree	Neither agree nor disagree	Completely disagree	Agree	Agree	Completely disagree	Completely disagree	Neither agree nor disagree	Agree	Completely disagree	Strongly disagree	Completely agree	Strongly disagree	Disagree	Strongly disagree	Strongly agree	Completely disagree	Strongly disagree	Agree	Strongly agree	Disagree	Completely disagree	Completely agree	Completely agree	Neither agree nor disagree	2	Strongly disagree	Agree	0-15 min	Neither agree nor disagree	Strongly agree	10 or more	5 or more	Completely agree	4-6	0.5	3	Completely disagree
		IP Address		99	1437	True		SYN_0175							anonymous	EN	I consent to participate in this study	61	Female	High school	Other		Advanced	Country B	Sometimes	Often	Sometimes	Always	Almost never	Sometimes	Almost never	Always	Sometimes	Sometimes	Sometimes	Sometimes	Always	Completely agree	Completely agree	Completely agree	Completely agree	Strongly agree	Strongly agree	Disagree	Strongly agree	Completely agree	Agree	Strongly agree	Agree	Completely disagree	Completely agree	Completely agree	Completely agree	Strongly agree	Completely agree	Completely agree	Completely agree	Strongly agree	Strongly agree	Completely agree	Completely agree	Completely agree	Completely agree	Completely agree	Completely agree	Strongly disagree	Strongly agree	prefer not to say	11 or more	Strongly agree	Disagree	2 hrs	Neither agree nor disagree	Neither agree nor disagree	4-5	1	Agree	0.5	0.5	4	Completely agree
		IP Address		91	1165	True		SYN_0176							anonymous	EN	I consent to participate in this study	35	Prefer not to say	Master's degree	Other		Elementary	Country C	Almost never	Never	Always	Often	Sometimes	Always	Always	Sometimes	Never	Never	Almost never	Always	Almost never	Completely agree	Completely agree	Agree	Strongly agree	Completely agree	Agree	Agree	Completely agree	Completely agree	Strongly disagree	Strongly agree	Completely agree	Disagree	Neither agree nor disagree	Agree	Completely disagree	Disagree	Agree	Neither agree nor disagree	Completely agree	Strongly agree	Disagree	Agree	Neither agree nor disagree	Neither agree nor disagree	Neither agree nor disagree	Completely agree	Agree	Agree	Strongly agree	prefer not to say	3	Strongly disagree	Agree	2 hrs	Completely disagree	Completely agree	6-9	1	prefer not to say	4-6	1	3	Agree
		IP Address		92	1430	True		SYN_0177							anonymous	EN	I consent to participate in this study	50	Prefer not to say	Doctorate	English		Elementary	Country B	Often	Always	Always	Often	Almost never	Always		Almost never	Almost never	Often	Almost never	Almost never	Never	Completely disagree	Strongly disagree	Completely disagree	Strongly disagree	Completely agree	Agree	Strongly disagree	Neither agree nor disagree	Completely disagree	Completely disagree	Disagree	Strongly disagree	Strongly disagree	Completely agree	Strongly disagree	Strongly agree	Agree	Neither agree nor disagree	Completely agree	Strongly agree	Agree	Agree	Neither agree nor disagree	Completely agree		Strongly disagree	Strongly agree	Strongly agree	Strongly disagree	Neither agree nor disagree	Completely disagree	7-10	prefer not to say	Completely disagree	2-3 hrs	Strongly disagree	Neither agree nor disagree	3	5 or more	Completely agree	7 or more	0.5	0	Neither agree nor disagree
		IP Address		95	943	True		SYN_0178							anonymous	EN	I consent to participate in this study	29	Male	Bachelor's degree	Other		Native	Country C	Sometimes	Sometimes	Never	Often	Often	Almost never	Almost never	Almost never	Always	Never	Often	Often	Never	Completely disagree	Disagree	Strongly disagree	Strongly disagree	Disagree	Completely agree	Strongly agree	Neither agree nor disagree	Completely disagree	Strongly disagree	Completely disagree	Completely disagree	Agree	Disagree	Strongly agree	Strongly disagree	Neither agree nor disagree	Disagree	Strongly disagree	Strongly disagree	Agree	Neither agree nor disagree	Neither agree nor disagree	Strongly disagree	Strongly agree	Strongly disagree	Disagree	Completely agree	Strongly disagree	prefer not to say	Completely agree	4-6	Completely agree	Agree	30-60 min	Neither agree nor disagree	Neither agree nor disagree	4-5	5 or more	Disagree	1	1	1	Agree
		IP Address		93	790	True		SYN_0179							anonymous	EN	I consent to participate in this study	53	Male	Doctorate	Other		Intermediate	Country B	Sometimes	Never	Always	Almost never	Always	Always	Almost never	Sometimes	Sometimes	Almost never	Often	Often	Sometimes	Disagree	Strongly agree	Neither agree nor disagree	Agree	Neither agree nor disagree	Disagree	Agree	Strongly disagree	Strongly agree	Completely agree	Disagree	Neither agree nor disagree	Strongly agree	Completely agree	Strongly disagree	Strongly agree	Completely agree	Agree	Agree	Strongly agree	Completely agree	Neither agree nor disagree	Agree	Strongly agree	Neither agree nor disagree	Strongly agree	Agree	Completely agree	Strongly disagree	Disagree	Agree	4-6	Strongly agree	prefer not to say	2-3 hrs	Strongly disagree	Strongly agree	3	5 or more	Strongly disagree	0.5	1	0	Agree
		IP Address		97	1764	True		SYN_0180							anonymous	EN	I consent to participate in this study	59	Male	Doctorate	English		Native	Country B	Often	Often	Often	Sometimes	Sometimes	Sometimes	Often	Often	Sometimes	Sometimes	Always	Almost never	Always	Neither agree nor disagree	Completely disagree	Neither agree nor disagree	Disagree	Strongly agree	Strongly agree	Disagree	Strongly agree	Strongly disagree	Completely agree	Strongly agree	Agree	Completely agree	Strongly agree	Completely agree	Strongly agree	Completely disagree	Strongly agree	Strongly agree	Completely disagree	Completely agree	Strongly agree	Strongly agree	Disagree	Disagree	Strongly disagree	Strongly agree	Neither agree nor disagree	Disagree	Neither agree nor disagree	Disagree	7-10	Strongly agree	Completely disagree	prefer not to say	Disagree	Completely agree	4-5	5 or more	Agree	3	0.5	3	Agree
		IP Address		98	759	True		SYN_0181							anonymous	EN	I consent to participate in this study	18	Male	Doctorate	English		Advanced	Country B	Almost never	Never	Almost never	Never	Never	Often	Never	Sometimes	Almost never	Often	Almost never	Never	Never	Completely agree	Strongly disagree	Strongly disagree	Disagree	Neither agree nor disagree	Strongly agree	Neither agree nor disagree	Strongly disagree	Strongly agree	Strongly agree	Agree	Neither agree nor disagree	Neither agree nor disagree	Completely disagree	Strongly disagree	Strongly disagree	Agree	Disagree	Neither agree nor disagree	Neither agree nor disagree	Completely disagree	Completely disagree	Neither agree nor disagree	Completely disagree	Strongly agree	Agree	Neither agree nor disagree	Strongly disagree	Disagree	Neither agree nor disagree	Completely agree	0	Strongly disagree	Strongly disagree	60-90 min	Strongly disagree	Strongly agree	1	5 or more	Neither agree nor disagree	0.5	0	4	Completely disagree
		IP Address		95	660	True		SYN_0182							anonymous	EN	I consent to participate in this study	60	Female	Doctorate	Other		Intermediate	Country A	Never	Almost never	Almost never	Never	Never	Never	Often	Never	Sometimes	Never	Never	Always	Sometimes	Neither agree nor disagree	Disagree	Completely disagree	Agree	Neither agree nor disagree	Strongly agree	Agree	Agree	Completely agree	Completely agree	Agree	Disagree	Disagree	Strongly disagree	Disagree	Strongly disagree	Disagree	Completely disagree	Strongly disagree	Neither agree nor disagree	Completely disagree	Completely disagree	Strongly disagree	Strongly disagree	Completely disagree	Completely agree	Completely disagree	Strongly disagree	Strongly disagree	Strongly disagree	Agree	11 or more	Agree	Completely disagree	30-60 min	Neither agree nor disagree	Completely disagree	10 or more	2	Disagree	7 or more	0.5	1	Disagree
		IP Address		99	1733	True		SYN_0183							anonymous	EN	I consent to participate in this study	23	Female	High school	English		Intermediate	Country A	Sometimes	Sometimes	Sometimes	Always	Often	Often	Sometimes	Almost never	Sometimes	Often	Sometimes	Never	Never	Strongly disagree		Agree	Agree	Agree	Strongly disagree	Disagree	Agree	Strongly agree	Strongly agree		Neither agree nor disagree	Neither agree nor disagree	Agree	Completely agree	Neither agree nor disagree	Agree	Neither agree nor disagree	Strongly agree	Completely agree	Strongly agree	Completely agree	Disagree	Completely agree	Agree	Strongly agree	Completely agree	Completely agree	Neither agree nor disagree	Completely agree	Strongly agree	0	Disagree	Agree	2-3 hrs	Agree	Strongly disagree	10 or more	3-4	Strongly disagree	2	0	0	Completely agree
		IP Address		91	1465	True		SYN_0184							anonymous	EN	I consent to participate in this study	59	Prefer not to say	High school	Other		Native	Country A	Never	Never	Sometimes	Almost never	Never	Never	Sometimes	Sometimes	Almost never	Sometimes	Sometimes	Often	Almost never	Strongly disagree	Neither agree nor disagree	Strongly agree	Strongly agree	Disagree	Agree	Disagree	Disagree	Disagree	Completely disagree	Neither agree nor disagree	Strongly disagree	Agree	Neither agree nor disagree	Neither agree nor disagree	Neither agree nor disagree	Disagree	Agree	Strongly disagree	Strongly agree	Disagree	Agree	Completely disagree	Disagree	Agree	Agree	Neither agree nor disagree	Completely disagree	Neither agree nor disagree	Agree	Strongly disagree	4-6	Strongly disagree	Strongly disagree	30-60 min	Agree	Completely agree	2	0	Strongly agree	4-6	0	3	Strongly disagree
		IP Address		99	488	True		SYN_0185							anonymous	EN	I consent to participate in this study	56	Prefer not to say	Master's degree	English		Advanced	Country A	Often	Never	Often	Never	Always	Sometimes	Sometimes	Almost never	Often	Sometimes	Sometimes	Never	Sometimes	Disagree	Strongly disagree	Strongly disagree	Completely disagree	Strongly disagree	Disagree	Neither agree nor disagree	Strongly agree	Strongly disagree	Disagree	Strongly disagree	Strongly disagree	Completely disagree	Strongly disagree	Strongly agree	Disagree	Agree	Completely disagree	Neither agree nor disagree	Strongly agree	Completely disagree	Disagree	Neither agree nor disagree	Neither agree nor disagree	Strongly disagree	Completely disagree	Strongly disagree	Strongly disagree	Strongly agree	Agree	Neither agree nor disagree	3	Neither agree nor disagree	Completely disagree	15-30 min	Strongly disagree	Agree	1	1	Agree	1	0.5	1	Agree
		IP Address		94	209	True		SYN_0186							anonymous	EN	I consent to participate in this study	29	Prefer not to say	Bachelor's degree	English		Advanced	Country A	Never	Almost never	Never	Never	Sometimes	Sometimes	Almost never	Never	Never	Almost never	Almost never	Never	Almost never	Strongly disagree	Strongly disagree	Disagree	Neither agree nor disagree	Neither agree nor disagree	Neither agree nor disagree	Completely disagree	Completely disagree	Strongly disagree	Completely disagree	Strongly disagree	Strongly disagree	Strongly disagree	Agree	Completely disagree	Completely disagree	Strongly disagree	Completely disagree	Completely disagree	Completely disagree	Neither agree nor disagree	Strongly disagree	Strongly disagree	Completely disagree	Completely disagree	Strongly disagree	Completely disagree	Completely disagree	Completely agree	prefer not to say	Strongly disagree	2	Completely disagree	Neither agree nor disagree	15-30 min	Completely disagree	Strongly agree	10 or more	5 or more	Disagree	3	3-5	1	Agree
		IP Address		94	1397	True		SYN_0187							anonymous	EN	I consent to participate in this study	48	Male	Doctorate	English		Intermediate	Country C	Never	Almost never	Almost never	Almost never	Never	Never	Almost never	Sometimes	Sometimes	Never	Never	Almost never	Almost never	Neither agree nor disagree	Neither agree nor disagree	Agree	Disagree	Agree	Strongly agree	Completely agree	Agree	Strongly agree	Completely agree	Completely disagree	Agree	Agree	Completely disagree	Completely agree	Neither agree nor disagree	Neither agree nor disagree	Disagree	Strongly agree	Completely agree	Neither agree nor disagree	Completely agree	Neither agree nor disagree	Completely disagree	Strongly disagree	Neither agree nor disagree	Agree	Agree	Disagree	Completely disagree	Disagree	3	Strongly disagree	Strongly agree	60-90 min	Completely disagree	Completely agree	10 or more	1.5	Strongly disagree	0	3-5	4	Strongly disagree
		IP Address		100	770	True		SYN_0188							anonymous	EN	I consent to participate in this study	43	Prefer not to say	Doctorate	Other		Advanced	Country B	Almost never	Often	Sometimes	Sometimes	Often	Never	Always	Often	Almost never	Never	Never	Never	Almost never	Neither agree nor disagree	Completely disagree	Strongly disagree	Neither agree nor disagree	Strongly disagree	Completely disagree	Completely disagree	Completely agree	Neither agree nor disagree	Completely disagree	Completely disagree	Completely disagree	Strongly agree	Agree	Strongly disagree	Neither agree nor disagree	Agree	Agree	Strongly disagree	Completely agree	Agree	Agree	Neither agree nor disagree	Agree	Agree	Strongly disagree	Completely disagree	Agree	Strongly disagree	Strongly disagree	Strongly agree	0	Strongly disagree	Neither agree nor disagree	2 hrs	Completely agree	Strongly agree	6-9	1	Disagree	0.5	0	4	Disagree
		IP Address		96	470	True		SYN_0189							anonymous	EN	I consent to participate in this study	61	Female	Master's degree	Other		Elementary	Country A	Almost never	Sometimes	Always	Often	Sometimes	Often	Almost never	Never	Always	Always	Always	Often		Neither agree nor disagree	Agree	Agree	Completely agree	Agree	Completely agree	Agree	Completely agree	Completely agree	Completely agree	Completely agree	Completely agree	Agree	Strongly disagree	Strongly agree	Agree	Strongly agree	Disagree	Strongly agree	Agree	Agree	Disagree	Neither agree nor disagree	Strongly agree	Disagree	Completely agree	Strongly agree	Completely disagree	Disagree	Neither agree nor disagree	Disagree	3	Strongly disagree	Agree	prefer not to say	Neither agree nor disagree	Agree	2	1	Agree	4-6	0.5	6 or more	Completely agree
		IP Address		91	718	True		SYN_0190							anonymous	EN	I consent to participate in this study	25	Prefer not to say	High school	English		Intermediate	Country B	Always	Almost never	Never	Almost never	Never	Often	Never	Often	Never	Often	Sometimes	Always	Almost never	Agree	Agree	Strongly disagree	Agree	Disagree	Completely disagree	Neither agree nor disagree	Completely agree	Neither agree nor disagree	Strongly disagree	Disagree	Agree	Disagree	Agree	Strongly agree	Strongly agree	Neither agree nor disagree	Completely disagree	Agree	Completely disagree	Strongly disagree	Neither agree nor disagree	Agree	Disagree	Disagree	Strongly disagree	Agree	Strongly disagree	Neither agree nor disagree	Disagree	Strongly disagree	3	Disagree	Strongly disagree	0-15 min	Neither agree nor disagree	Completely disagree	10 or more	2	Disagree	2	1	0	Strongly agree
		IP Address		98	591	True		SYN_0191							anonymous	EN	I consent to participate in this study	49	Male	Doctorate	Other		Elementary	Country A	Sometimes	Almost never	Sometimes	Almost never	Often	Sometimes	Always	Often	Almost never	Never	Almost never	Never	Never	Completely disagree	Completely disagree	Completely disagree	Strongly disagree	Disagree	Disagree	Completely disagree	Completely disagree	Strongly disagree	Completely disagree	Strongly disagree	Completely disagree		Agree	Completely agree	Strongly agree	Disagree	Completely agree	Agree	Strongly agree	Strongly agree	Completely agree	Completely agree		Strongly agree	Agree	Completely agree	Neither agree nor disagree	Neither agree nor disagree	Disagree	prefer not to say	2	Neither agree nor disagree	Completely disagree	2 hrs	Agree	Neither agree nor disagree	2	1.5	Completely disagree	0.5	6-9	0	Neither agree nor disagree
		IP Address		91	988	True		SYN_0192							anonymous	EN	I consent to participate in this study	54	Female	Doctorate	Other		Intermediate	Country B	Always	Always	Always	Sometimes	Always	Often	Sometimes	Always	Often	Always	Always	Always	Always	Strongly agree	Agree	Completely agree	Completely agree	Completely agree	Strongly disagree		Strongly agree	Completely agree	Completely agree	Strongly agree	Strongly agree	Completely agree	Completely agree	Agree	Strongly agree	Neither agree nor disagree	Completely agree	Agree	Completely agree	Completely agree	Completely agree	Completely agree	Completely agree	Completely agree	Strongly agree	Completely agree	Completely agree	Completely disagree	Neither agree nor disagree	Disagree	4-6	Completely disagree	prefer not to say	2-3 hrs	Agree	prefer not to say	3	3-4	prefer not to say	4-6	6-9	1	Strongly agree
		IP Address		97	1015	True		SYN_0193							anonymous	EN	I consent to participate in this study	19	Prefer not to say	High school	Other		Advanced	Country C	Never	Never	Never	Sometimes	Sometimes	Never	Almost never	Almost never	Often	Never	Never	Always	Almost never	Strongly disagree	Completely disagree	Completely disagree	Strongly disagree	Strongly disagree	Completely disagree	Completely disagree	Strongly disagree	Disagree	Strongly disagree	Completely disagree	Strongly disagree	Completely disagree	Completely disagree	Completely disagree	Completely disagree	Strongly disagree	Completely disagree		Completely disagree	Strongly disagree	Completely disagree	Strongly disagree	Completely disagree	Strongly disagree	Completely disagree	Strongly disagree	Completely disagree	Completely agree	Completely agree	Strongly agree	11 or more	Disagree	Strongly agree	0-15 min	Strongly disagree	Strongly agree	3	5 or more	Strongly agree	7 or more	10 or more	0	Strongly agree
		IP Address		94	882	True		SYN_0194							anonymous	EN	I consent to participate in this study	65	Male	Bachelor's degree	English		Elementary	Country B	Often	Never	Almost never	Never	Always	Often	Often	Often	Never	Always	Almost never	Often	Sometimes	Disagree	Completely disagree	Strongly disagree	Strongly disagree	Neither agree nor disagree	Completely agree	Disagree	Strongly agree	Agree	Completely agree	Strongly disagree	Strongly agree	Strongly disagree	Completely agree	Completely disagree		Strongly agree	Agree	Completely agree	Disagree	Neither agree nor disagree	Strongly agree	Strongly disagree	Neither agree nor disagree	Completely disagree	Strongly agree	Disagree	Disagree	Completely agree	Strongly agree	Strongly agree	7-10	Disagree	Strongly agree	2 hrs	Completely disagree	Disagree	1	1.5	prefer not to say	4-6	10 or more	2	Neither agree nor disagree
		IP Address		96	954	True		SYN_0195							anonymous	EN	I consent to participate in this study	24	Prefer not to say	Bachelor's degree	Other		Native	Country B	Often	Often	Often	Sometimes	Often	Always	Always	Always	Almost never	Always	Sometimes	Always	Always	Completely agree	Strongly agree	Strongly agree	Neither agree nor disagree	Neither agree nor disagree	Completely agree	Strongly agree	Completely agree	Strongly agree	Neither agree nor disagree	Strongly disagree	Completely agree	Completely agree	Strongly agree	Strongly agree	Strongly agree		Completely agree	Completely agree	Completely agree	Completely agree	Completely agree	Completely agree	Agree	Completely agree	Strongly agree	Strongly agree	Completely agree	Strongly disagree	Agree	Strongly disagree	7-10	Disagree	Strongly disagree	prefer not to say	Completely agree	Agree	4-5	1.5	Completely disagree	2	2	2	Strongly disagree
		IP Address		92	1426	True		SYN_0196							anonymous	EN	I consent to participate in this study	38	Male	Doctorate	Other		Elementary	Country A	Almost never	Sometimes	Almost never	Sometimes	Often		Almost never	Often	Sometimes	Often	Sometimes	Always	Never	Agree	Strongly disagree	Strongly disagree	Agree	Disagree	Strongly disagree	Completely agree	Neither agree nor disagree	Strongly agree	Strongly disagree	Strongly agree	Neither agree nor disagree	Completely agree	Disagree	Completely disagree	Neither agree nor disagree	Neither agree nor disagree	Disagree	Completely disagree	Strongly disagree	Strongly disagree	Agree	Completely agree	Agree	Neither agree nor disagree	Neither agree nor disagree	Completely disagree	Neither agree nor disagree	Completely disagree	Strongly agree	Strongly agree	11 or more	Completely disagree	Neither agree nor disagree	15-30 min	Completely agree	Disagree	10 or more	0.5	Neither agree nor disagree	4-6	3-5	1	Completely disagree
		IP Address		94	997	True		SYN_0197							anonymous	EN	I consent to participate in this study	43	Male	Bachelor's degree	English		Intermediate	Country B	Always	Sometimes	Often	Often	Always	Sometimes	Always	Sometimes	Often	Often	Often	Never	Sometimes	Strongly disagree	Disagree	Disagree	Strongly agree	Disagree	Completely disagree	Neither agree nor disagree	Agree	Strongly agree	Strongly disagree	Agree	Completely agree	Strongly disagree	Strongly agree	Neither agree nor disagree	Strongly agree	Strongly agree	Neither agree nor disagree	Neither agree nor disagree	Strongly agree	Strongly disagree	Completely disagree	Agree	Completely disagree	Completely disagree	Strongly agree	Completely agree	Agree	Disagree	Strongly agree	Completely disagree	3	prefer not to say	Agree	4 hrs or more	Strongly agree	Completely disagree	0	3-4	Strongly agree	4-6	10 or more	1	Completely agree
		IP Address		97	1017	True		SYN_0198							anonymous	EN	I consent to participate in this study	48	Prefer not to say	High school	English		Native	Country A	Always	Often	Almost never	Sometimes	Often	Often	Almost never	Sometimes		Sometimes	Sometimes	Never	Always	Neither agree nor disagree	Completely disagree	Agree	Completely disagree	Disagree	Neither agree nor disagree		Agree	Agree	Strongly agree	Neither agree nor disagree	Disagree	Neither agree nor disagree	Strongly disagree	Agree	Completely agree	Agree	Completely agree	Strongly agree		Completely agree	Completely agree	Completely agree	Completely agree	Completely agree	Completely agree	Completely agree	Strongly agree	Neither agree nor disagree	Disagree	Strongly disagree	7-10	Agree	Completely disagree	15-30 min	Completely disagree	prefer not to say	1	2	Agree	4-6	10 or more	2	Completely agree
		IP Address		96	434	True		SYN_0199							anonymous	EN	I consent to participate in this study	64	Female	High school	Other		Intermediate	Country C	Never	Never	Never	Often	Often	Almost never	Almost never	Never	Often	Never	Never	Sometimes	Never	Disagree	Strongly agree	Completely disagree	Disagree	Disagree	Completely disagree	Completely disagree	Completely disagree	Strongly disagree	Completely disagree	Strongly agree	Disagree	Strongly disagree	Completely disagree	Completely disagree	Agree	Disagree	Completely disagree	Strongly agree	Disagree	Agree	Disagree	Disagree	Strongly disagree	Completely disagree	Completely disagree	Completely disagree	Disagree	Neither agree nor disagree	Neither agree nor disagree	Strongly disagree	0	Completely agree	Neither agree nor disagree	15-30 min	Neither agree nor disagree	Completely agree	4-5	0.5	Completely agree	7 or more	3-5	6 or more	Neither agree nor disagree
		IP Address		98	605	True		SYN_0200							anonymous	EN	I consent to participate in this study	36	Prefer not to say	Master's degree	Other		Elementary	Country C	Almost never	Almost never	Never	Never	Almost never	Always	Never	Never	Sometimes		Sometimes	Often	Almost never	Completely disagree	Strongly disagree	Completely disagree	Strongly disagree	Completely disagree	Completely disagree	Completely disagree	Disagree	Neither agree nor disagree	Completely disagree	Agree	Strongly disagree	Strongly agree	Strongly disagree	Agree	Completely disagree	Neither agree nor disagree	Completely disagree	Disagree	Completely disagree	Neither agree nor disagree	Strongly agree	Strongly disagree	Strongly agree	Agree	Completely disagree	Strongly disagree	Completely disagree	prefer not to say	Completely agree	Disagree	2	Completely disagree	Completely disagree	15-30 min	Agree	prefer not to say	2	1	prefer not to say	7 or more	1	4	Completely disagree
		IP Address		96	284	True		SYN_0201							anonymous	EN	I consent to participate in this study	27	Prefer not to say	Doctorate	Other		Advanced	Country B	Often	Sometimes	Sometimes	Never	Often	Almost never	Never	Never	Often	Never	Sometimes	Never	Often	Strongly agree	Completely agree	Disagree	Strongly disagree	Strongly disagree	Strongly agree	Neither agree nor disagree	Completely disagree	Disagree	Neither agree nor disagree	Disagree	Completely disagree	Disagree	Neither agree nor disagree	Neither agree nor disagree	Strongly agree	Disagree	Disagree	Completely disagree	Strongly agree	Strongly agree	Completely disagree	Strongly disagree	Strongly agree	Completely disagree	Strongly disagree	Agree	Completely disagree	Strongly agree	Strongly agree	Completely disagree	0	Disagree	Completely agree	prefer not to say	Disagree	Agree	0	0.5	Strongly agree	0.5	10 or more	5	Strongly agree
		IP Address		91	1559	True		SYN_0202							anonymous	EN	I consent to participate in this study	55	Male	High school	English		Advanced	Country B	Often	Always	Sometimes	Sometimes	Never	Often	Sometimes	Never	Never	Never	Sometimes	Never	Almost never	Strongly disagree	Completely disagree	Completely disagree	Neither agree nor disagree	Strongly disagree	Completely disagree	Completely disagree	Strongly agree	Strongly disagree	Disagree	Completely disagree	Completely disagree	Strongly agree	Neither agree nor disagree	Strongly agree	Neither agree nor disagree	Strongly agree	Completely agree	Strongly disagree	Disagree	Agree	Strongly disagree	Disagree	Disagree	Completely disagree	Disagree	Strongly agree	Disagree	Disagree	Strongly disagree	prefer not to say	1	Neither agree nor disagree	Disagree	15-30 min	Strongly disagree	Neither agree nor disagree	0	1.5	Disagree	3	0.5	3	Neither agree nor disagree
		IP Address		99	1714	True		SYN_0203							anonymous	EN	I consent to participate in this study	51	Female	Bachelor's degree	Other		Elementary	Country C	Sometimes	Sometimes	Always	Almost never	Sometimes	Almost never	Sometimes	Sometimes	Sometimes	Never	Often	Never	Almost never	Strongly disagree	Neither agree nor disagree	Neither agree nor disagree	Neither agree nor disagree	Completely disagree	Completely disagree	Strongly disagree	Neither agree nor disagree	Strongly agree	Neither agree nor disagree	Disagree	Neither agree nor disagree	Disagree	Completely disagree	Completely disagree	Strongly disagree	Strongly disagree	Completely agree	Completely agree	Strongly disagree	Disagree	Neither agree nor disagree	Neither agree nor disagree	Neither agree nor disagree	Completely agree	Completely agree	Agree	Neither agree nor disagree	Completely agree	prefer not to say	Completely disagree	3	Agree	prefer not to say	0-15 min	Strongly disagree	prefer not to say	0	0.5	Neither agree nor disagree	4-6	3-5	4	Strongly agree
		IP Address		95	843	True		SYN_0204							anonymous	EN	I consent to participate in this study	39	Female	High school	Other		Elementary	Country B	Never	Never	Almost never	Sometimes	Never	Never	Always	Sometimes	Always	Often	Never	Almost never	Often	Completely agree	Neither agree nor disagree	Strongly agree	Neither agree nor disagree	Neither agree nor disagree	Completely agree	Agree	Agree	Neither agree nor disagree	Strongly agree	Strongly disagree	Completely agree	Disagree	Completely disagree	Strongly disagree	Completely disagree	Completely disagree	Disagree	Disagree	Neither agree nor disagree	Agree	Neither agree nor disagree	Neither agree nor disagree	Completely disagree	Neither agree nor disagree	Strongly disagree	Strongly disagree	Strongly disagree	Strongly agree	Strongly disagree	Completely disagree	3	Disagree	Disagree	4 hrs or more	Disagree	Neither agree nor disagree	3	0	Neither agree nor disagree	3	1	3	prefer not to say
		IP Address		100	929	True		SYN_0205							anonymous	EN	I consent to participate in this study	36	Male	High school	Other		Elementary	Country A	Always	Always	Never	Always	Always	Sometimes	Often	Often	Always	Sometimes	Often	Always	Often	Completely agree	Agree	Completely agree	Completely disagree	Strongly agree	Strongly agree	Completely agree	Neither agree nor disagree	Completely agree	Strongly agree	Disagree	Completely agree	Agree	Completely disagree	Strongly agree	Completely agree	Completely disagree	Strongly agree	Strongly agree	Strongly agree	Completely agree	Strongly disagree	Completely agree	Agree	Strongly agree	Strongly agree	Agree	Agree	Completely disagree	Strongly disagree	Disagree	0	Agree	Neither agree nor disagree	4 hrs or more	Neither agree nor disagree	Completely disagree	4-5	1	Strongly disagree	2	10 or more	5	Agree
		IP Address		99	680	True		SYN_0206							anonymous	EN	I consent to participate in this study	58	Male	Master's degree	Other		Advanced	Country B	Often	Never	Never	Never	Never	Almost never	Almost never	Almost never	Often	Often	Sometimes	Never	Almost never	Strongly disagree	Completely agree	Agree	Neither agree nor disagree	Strongly disagree	Agree	Disagree	Agree	Agree	Strongly disagree	Disagree	Disagree	Completely disagree	Disagree	Disagree	Disagree	Disagree	Completely disagree	Strongly disagree	Strongly agree	Neither agree nor disagree	Completely disagree	Strongly disagree	Strongly disagree	Completely disagree	Strongly disagree	Agree	Completely disagree	Neither agree nor disagree	Disagree	Agree	4-6	prefer not to say	Completely agree	2 hrs	Completely disagree	Strongly agree	10 or more	1.5	prefer not to say	1	6-9	1	Strongly disagree
		IP Address		95	233	True		SYN_0207							anonymous	EN	I consent to participate in this study	37	Prefer not to say	Bachelor's degree	Other		Native	Country B	Sometimes	Sometimes	Never	Sometimes	Almost never	Always	Sometimes	Sometimes	Almost never	Never	Almost never	Always	Never	Completely disagree	Completely disagree	Strongly disagree	Completely disagree	Completely disagree	Disagree	Completely disagree	Neither agree nor disagree	Strongly disagree	Completely disagree	Completely disagree	Completely disagree	Neither agree nor disagree	Completely agree	Strongly disagree	Disagree	Disagree	Agree	Disagree	Strongly disagree	Disagree	Completely disagree	Strongly agree	Strongly agree	Disagree	Strongly agree	Strongly agree	Disagree	Completely agree	Strongly disagree	Agree	4-6	Neither agree nor disagree	Completely disagree	60-90 min	Disagree	Strongly agree	2	0.5	Strongly agree	4-6	2	6 or more	Agree
		IP Address		92	1278	True		SYN_0208							anonymous	EN	I consent to participate in this study	28	Female	Doctorate	English		Elementary	Country B	Always	Never	Never	Always	Never	Never	Sometimes	Never	Almost never	Always	Sometimes	Often	Never	Completely agree	Agree	Completely agree	Disagree	Completely agree	Agree	Completely agree	Agree	Strongly agree	Completely agree	Completely agree	Strongly agree	Neither agree nor disagree	Strongly disagree	Disagree	Strongly agree	Completely agree	Strongly agree	Strongly agree	Completely agree	Disagree	Completely agree	Disagree	Completely agree	Strongly agree	Disagree	Completely agree	Agree	Disagree	Strongly agree	prefer not to say	7-10	prefer not to say	Completely agree	prefer not to say	Disagree	Completely agree	2	3-4	Strongly disagree	4-6	2	0	Agree
		IP Address		94	1389	True		SYN_0209							anonymous	EN	I consent to participate in this study	45	Male	High school	English		Intermediate	Country C	Never	Never	Almost never	Almost never	Never	Almost never	Never	Sometimes	Never	Sometimes	Almost never	Almost never	Sometimes	Completely disagree	Completely disagree	Strongly disagree	Completely disagree	Completely disagree	Neither agree nor disagree	Strongly disagree	Completely disagree	Strongly disagree	Neither agree nor disagree	Completely disagree	Completely disagree	Strongly agree	Strongly disagree	Neither agree nor disagree	Completely disagree	Strongly disagree	Neither agree nor disagree		Neither agree nor disagree	Neither agree nor disagree	Completely disagree	Neither agree nor disagree	Completely disagree	Completely disagree	Strongly disagree	Completely disagree	Strongly disagree	Completely disagree	Agree	Neither agree nor disagree	2	Strongly agree	Disagree	prefer not to say	Neither agree nor disagree	Completely disagree	3	1	Strongly agree	2	6-9	5	Neither agree nor disagree
		IP Address		91	1076	True		SYN_0210							anonymous	EN	I consent to participate in this study	23	Male	Bachelor's degree	Other		Elementary	Country B	Often	Always	Often	Often	Never	Sometimes	Sometimes	Often	Sometimes		Often	Sometimes	Sometimes	Strongly agree	Completely disagree	Strongly agree	Strongly agree	Agree	Agree	Disagree	Strongly disagree	Strongly agree	Strongly agree	Neither agree nor disagree	Disagree	Agree	Disagree	Disagree	Disagree	Completely disagree	Agree	Neither agree nor disagree	Strongly agree	Agree	Disagree	Neither agree nor disagree	Neither agree nor disagree	Strongly disagree	Completely disagree	Completely agree	Completely agree	Strongly disagree	Agree	Agree	3	Neither agree nor disagree	Disagree	60-90 min	prefer not to say	Neither agree nor disagree	3	1	Neither agree nor disagree	7 or more	2	5	Disagree
		IP Address		100	966	True		SYN_0211							anonymous	EN	I consent to participate in this study	44	Female	Doctorate	English		Advanced	Country C	Always	Often	Sometimes	Always	Never	Always	Often	Always	Always	Almost never	Sometimes	Often	Often	Completely agree	Completely agree		Completely agree	Agree	Strongly agree	Completely agree	Completely agree	Strongly agree	Completely agree	Neither agree nor disagree	Neither agree nor disagree	Neither agree nor disagree	Disagree	Strongly agree	Completely disagree	Disagree	Agree	Neither agree nor disagree	Agree	Disagree	Strongly agree	Agree	Strongly agree	Neither agree nor disagree	Strongly agree	Agree	Neither agree nor disagree	Strongly disagree	Disagree	prefer not to say	1	Neither agree nor disagree	Disagree	30-60 min	Completely disagree	Agree	2	3-4	Disagree	2	10 or more	4	Neither agree nor disagree
		IP Address		96	1472	True		SYN_0212							anonymous	EN	I consent to participate in this study	41	Female	High school	Other		Native	Country C	Sometimes	Almost never	Sometimes	Almost never	Sometimes	Often	Always	Never	Often	Almost never	Almost never	Never	Almost never	Completely disagree	Strongly disagree	Agree	Disagree	Strongly agree	Completely disagree	Completely disagree	Agree	Neither agree nor disagree	Strongly disagree	Completely disagree	Strongly disagree	Strongly disagree	Strongly disagree	Completely disagree	Disagree	Completely disagree	Completely disagree	Completely disagree	Completely disagree	Strongly disagree	Agree	Disagree	Neither agree nor disagree	Strongly disagree	Completely disagree	Strongly disagree	Neither agree nor disagree	Neither agree nor disagree	Neither agree nor disagree	Neither agree nor disagree	0	Strongly agree	Strongly agree	0-15 min	Completely agree	Completely agree	4-5	0	Neither agree nor disagree	1	0.5	1	Completely agree
		IP Address		97	564	True		SYN_0213							anonymous	EN	I consent to participate in this study	26	Male	Doctorate	English		Elementary	Country B	Often	Sometimes	Always	Sometimes	Often	Sometimes	Always	Sometimes	Almost never	Almost never	Almost never	Often	Always	Strongly disagree	Strongly agree	Neither agree nor disagree	Completely disagree	Neither agree nor disagree	Disagree	Neither agree nor disagree	Completely disagree	Strongly disagree	Completely disagree	Disagree	Strongly disagree	Completely agree	Agree	Completely disagree	Strongly disagree	Agree	Agree	Completely agree	Strongly disagree	Disagree	Disagree	Disagree	Agree	Disagree	Disagree	Neither agree nor disagree	Strongly agree	Strongly disagree	Strongly disagree	prefer not to say	0	Disagree	Disagree	0-15 min	Disagree	Disagree	3	1.5	Strongly agree	1	6-9	1	Completely agree
		IP Address		99	1372	True		SYN_0214							anonymous	EN	I consent to participate in this study	24	Male	Master's degree	Other		Native	Country A	Always	Sometimes	Often	Always	Often	Always	Always	Sometimes	Always	Often	Always	Always	Always	Completely agree	Strongly agree	Completely agree	Agree	Completely agree	Completely agree	Completely agree	Completely agree	Completely agree	Strongly agree	Strongly agree	Strongly agree	Strongly agree	Strongly agree	Strongly agree	Disagree	Agree		Completely agree	Agree	Agree	Completely agree	Completely agree	Disagree	Neither agree nor disagree	Agree	Neither agree nor disagree	Completely agree	Agree	prefer not to say	prefer not to say	4-6	Completely agree	Strongly agree	2 hrs	Completely agree	Strongly agree	0	5 or more	Agree	0.5	6-9	3	Strongly disagree
		IP Address		98	580	True		SYN_0215							anonymous	EN	I consent to participate in this study	52	Male	Bachelor's degree	English		Native	Country A	Always	Always	Sometimes	Always	Often	Sometimes	Always	Sometimes	Sometimes	Almost never	Always	Sometimes	Always	Disagree	Agree	Agree	Completely agree	Neither agree nor disagree	Disagree	Strongly agree	Neither agree nor disagree	Strongly disagree	Neither agree nor disagree	Agree	Neither agree nor disagree	Completely agree	Strongly disagree	Completely agree	Completely agree	Agree	Strongly agree	Completely agree	Agree	Completely agree	Completely agree	Strongly disagree	Neither agree nor disagree	Agree	Completely agree	Strongly agree	Strongly agree	Completely disagree	Strongly disagree	Strongly disagree	3	prefer not to say	Neither agree nor disagree	30-60 min	Strongly disagree	Completely disagree	6-9	2	Agree	0	10 or more	0	Completely disagree
		IP Address		94	1458	True		SYN_0216							anonymous	EN	I consent to participate in this study	37	Male	Bachelor's degree	Other		Native	Country A	Always	Almost never	Always	Always	Almost never	Never	Often	Always	Never	Never	Almost never	Sometimes	Never	Disagree	Strongly disagree	Strongly disagree	Strongly agree	Neither agree nor disagree	Completely disagree	Agree	Disagree	Disagree	Strongly agree	Strongly disagree	Completely agree	Agree	Completely agree	Agree	Completely agree	Strongly disagree	Completely agree	Strongly agree		Neither agree nor disagree	Completely disagree	Agree	Disagree	Strongly disagree	Neither agree nor disagree	Disagree	Strongly disagree	Completely agree	Disagree	Strongly agree	1	Completely disagree	Strongly disagree	2-3 hrs	Neither agree nor disagree	Completely agree	1	0.5	Completely agree	0.5	2	6 or more	Agree
		IP Address		91	654	True		SYN_0217							anonymous	EN	I consent to participate in this study	49	Prefer not to say	Bachelor's degree	Other		Intermediate	Country A	Often	Never	Almost never	Never	Never	Almost never	Never	Sometimes	Never	Sometimes	Almost never	Almost never	Never	Neither agree nor disagree	Disagree	Neither agree nor disagree	Strongly disagree	Strongly disagree	Strongly disagree	Completely disagree	Agree	Strongly disagree	Strongly disagree	Disagree	Strongly disagree	Completely disagree	Disagree	Neither agree nor disagree	Completely disagree	Strongly disagree	Completely disagree	Disagree	Disagree	Strongly disagree	Completely disagree	Completely disagree	Strongly disagree	Completely disagree	Strongly disagree	Completely disagree	Completely disagree	Disagree	Neither agree nor disagree	Strongly agree	2	Strongly agree	Disagree	0-15 min	Completely agree	Disagree	1	2	Agree	0	0	3	Completely disagree
		IP Address		95	580	True		SYN_0218							anonymous	EN	I consent to participate in this study	24	Male	Master's degree	Other		Elementary	Country C	Always	Never	Never	Often	Almost never	Sometimes	Always	Often	Almost never	Sometimes		Sometimes	Often	Neither agree nor disagree	Completely agree	Completely agree	Completely agree	Disagree	Neither agree nor disagree	Strongly agree	Strongly disagree	Completely agree	Agree	Completely agree	Strongly agree	Neither agree nor disagree	Strongly disagree	Agree	Completely agree	Agree	Neither agree nor disagree	Disagree	Disagree	Agree	Disagree	Completely disagree	Completely agree	Strongly agree	Neither agree nor disagree	Neither agree nor disagree	Neither agree nor disagree	Agree	Strongly disagree	Completely agree	2	Completely agree	Strongly agree	2 hrs	prefer not to say	Completely disagree	2	2	Completely agree	7 or more	6-9	2	Agree
		IP Address		95	596	True		SYN_0219							anonymous	EN	I consent to participate in this study	31	Prefer not to say	Doctorate	Other		Elementary	Country C	Sometimes	Often	Always	Never	Never	Almost never	Never	Almost never	Sometimes	Often	Sometimes	Never	Never	Strongly disagree	Neither agree nor disagree	Completely disagree	Disagree	Completely disagree	Strongly disagree	Disagree	Strongly disagree	Completely disagree	Disagree	Strongly disagree	Completely disagree	Completely agree	Agree	Strongly disagree	Neither agree nor disagree	Strongly agree	Disagree	Completely agree	Completely disagree	Strongly agree	Disagree	Agree	Disagree	Strongly agree	Neither agree nor disagree	Disagree	Strongly agree	prefer not to say	Neither agree nor disagree	Strongly disagree	1	prefer not to say	Disagree	prefer not to say	Neither agree nor disagree	Disagree	1	1	Strongly agree	3	10 or more	4	Agree
		IP Address		99	1767	True		SYN_0220							anonymous	EN	I consent to participate in this study	45	Male	Master's degree	English		Native	Country B	Always	Always	Almost never	Almost never	Almost never	Sometimes	Always	Always	Often	Never	Never	Never	Often	Strongly disagree	Neither agree nor disagree	Disagree	Agree	Agree	Completely disagree	Neither agree nor disagree	Completely disagree	Neither agree nor disagree	Completely disagree	Agree	Agree	Agree	Strongly agree	Strongly agree	Strongly disagree	Neither agree nor disagree	Neither agree nor disagree	Completely agree	Agree	Neither agree nor disagree	Completely agree	Neither agree nor disagree	Neither agree nor disagree	Agree	Agree	Agree	Disagree	prefer not to say	Completely agree	Strongly disagree	7-10	Neither agree nor disagree	prefer not to say	4 hrs or more	Strongly disagree	Strongly agree	4-5	0	Neither agree nor disagree	3	2	2	prefer not to say
		IP Address		100	309	True		SYN_0221							anonymous	EN	I consent to participate in this study	42	Male	High school	Other		Advanced	Country A	Sometimes	Almost never	Always	Almost never	Often	Sometimes	Never	Often	Often	Sometimes	Always	Often	Always	Neither agree nor disagree	Strongly agree	Completely agree	Completely agree	Completely agree	Strongly agree	Completely agree	Completely agree	Strongly agree	Strongly agree	Completely agree	Completely agree	Completely agree	Agree	Strongly agree	Disagree	Strongly disagree	Completely agree	Disagree	Completely agree	Agree	Completely disagree	Completely disagree	Neither agree nor disagree	Strongly agree	Strongly disagree	Disagree	Strongly agree	Strongly disagree	Completely disagree	Strongly agree	2	Agree	Neither agree nor disagree	2-3 hrs	Neither agree nor disagree	Disagree	1	0.5	Agree	1	6-9	1	prefer not to say
		IP Address		92	1259	True		SYN_0222							anonymous	EN	I consent to participate in this study	52	Prefer not to say	Master's degree	English		Elementary	Country B	Always		Sometimes	Sometimes	Almost never	Sometimes	Often	Almost never	Almost never	Always	Often	Often	Never	Strongly agree	Disagree	Completely agree	Completely agree	Completely agree	Agree	Completely agree	Agree	Strongly agree	Agree	Agree	Completely agree	Strongly agree	Completely agree	Strongly agree		Neither agree nor disagree	Completely agree	Strongly agree	Completely disagree	Completely agree	Agree	Completely agree	Strongly agree	Completely disagree	Completely agree	Neither agree nor disagree	Completely agree	Completely agree	Strongly disagree	Agree	0	Strongly disagree	Strongly disagree	prefer not to say	Agree	Completely agree	6-9	2	Neither agree nor disagree	0	10 or more	6 or more	Strongly agree
		IP Address		100	1504	True		SYN_0223							anonymous	EN	I consent to participate in this study	47	Prefer not to say	Bachelor's degree	Other		Elementary	Country B	Sometimes	Often	Never	Always	Never	Often	Never	Almost never	Sometimes	Never	Never	Never	Sometimes	Completely disagree	Completely disagree	Completely disagree	Disagree	Completely disagree	Completely disagree	Strongly disagree	Completely disagree	Completely disagree	Disagree	Disagree	Completely disagree	Strongly disagree	Agree	Strongly agree	Completely disagree	Disagree	Agree	Agree	Strongly agree	Agree	Agree	Completely disagree	Strongly disagree	Completely disagree	Neither agree nor disagree	Strongly agree	Agree	Completely disagree	Disagree	Strongly disagree	1	Agree	Strongly agree	2 hrs	Completely agree	Neither agree nor disagree	6-9	0.5	Agree	0	0	6 or more	Completely disagree
		IP Address		92	1713	True		SYN_0224							anonymous	EN	I consent to participate in this study	34	Prefer not to say	High school	Other		Intermediate	Country B	Never	Never	Often	Sometimes	Sometimes	Almost never	Often	Never	Sometimes	Sometimes	Almost never	Almost never	Never	Disagree	Neither agree nor disagree	Strongly agree	Agree	Neither agree nor disagree	Completely disagree	Disagree	Strongly disagree	Neither agree nor disagree	Agree	Neither agree nor disagree	Neither agree nor disagree	Disagree	Strongly disagree	Neither agree nor disagree	Disagree	Neither agree nor disagree	Disagree	Completely disagree	Strongly disagree	Neither agree nor disagree	Strongly disagree	Strongly agree	Agree	Completely disagree	Completely disagree	Neither agree nor disagree		Completely disagree	Strongly disagree	Completely disagree	1	Strongly disagree	Disagree	2 hrs	Disagree	Neither agree nor disagree	1	0.5	Completely agree	0	10 or more	1	Completely agree
		IP Address		96	1294	True		SYN_0225							anonymous	EN	I consent to participate in this study	55	Female	Doctorate	English		Advanced	Country A	Always	Often	Always	Often	Never	Never	Always	Never	Sometimes	Sometimes	Always	Never	Often	Completely agree	Disagree	Strongly agree	Strongly disagree	Agree	Strongly disagree	Strongly disagree	Completely disagree	Agree	Disagree	Completely agree	Strongly disagree	Completely agree	Strongly disagree	Neither agree nor disagree	Strongly disagree	Completely disagree	Disagree	Completely agree	Agree	Neither agree nor disagree	Disagree	Strongly disagree	Strongly disagree	Completely agree	Disagree	Strongly disagree	Completely disagree	Disagree	Completely disagree	Neither agree nor disagree	1	Strongly disagree	Strongly agree	15-30 min	Neither agree nor disagree	Neither agree nor disagree	0	1	prefer not to say	7 or more	0	4	prefer not to say
		IP Address		99	391	True		SYN_0226							anonymous	EN	I consent to participate in this study	65	Female	High school	English		Native	Country C	Almost never	Often	Often	Almost never	Never	Sometimes	Often	Often	Always	Often	Never	Almost never	Almost never	Agree	Neither agree nor disagree	Strongly disagree	Disagree	Completely disagree	Strongly disagree	Disagree	Neither agree nor disagree	Neither agree nor disagree	Agree	Strongly disagree	Completely disagree	Completely disagree	Strongly agree	Completely disagree	Disagree	Completely disagree	Disagree	Strongly disagree	Strongly agree	Strongly agree	Disagree	Strongly disagree	Completely agree	Disagree	Disagree	Strongly disagree	Neither agree nor disagree	Agree	Strongly disagree	Agree	2	Neither agree nor disagree	Disagree	60-90 min	Completely agree	Strongly disagree	2	0	prefer not to say	3	0.5	5	Neither agree nor disagree
		IP Address		92	1300	True		SYN_0227							anonymous	EN	I consent to participate in this study	62	Male	Bachelor's degree	Other		Native	Country B	Often	Sometimes	Always	Always	Always	Almost never	Often	Always	Often	Often	Always	Sometimes	Often	Neither agree nor disagree	Neither agree nor disagree	Disagree	Agree	Strongly agree	Strongly agree	Agree	Agree	Disagree	Disagree	Neither agree nor disagree	Agree	Completely agree	Completely agree	Strongly agree	Completely agree	Completely agree	Strongly agree	Completely agree	Disagree	Completely agree	Completely agree	Strongly agree	Completely agree	Strongly agree	Strongly agree	Completely agree	Strongly agree	Disagree	Strongly disagree	prefer not to say	3	Completely disagree	prefer not to say	30-60 min	Disagree	Disagree	10 or more	3-4	Completely agree	0	1	6 or more	prefer not to say
		IP Address		92	1139	True		SYN_0228							anonymous	EN	I consent to participate in this study	61	Prefer not to say	Doctorate	English		Intermediate	Country C	Never	Sometimes	Almost never	Almost never	Always	Almost never	Never	Never	Sometimes	Sometimes	Never	Never	Never	Strongly disagree	Agree	Completely disagree	Strongly disagree	Completely disagree	Completely disagree	Completely disagree	Strongly disagree	Agree	Completely disagree	Completely disagree	Disagree	Disagree	Completely disagree	Agree	Neither agree nor disagree	Strongly disagree	Strongly disagree	Completely disagree	Agree	Disagree	Disagree	Completely disagree	Strongly disagree	Strongly disagree	Completely disagree	Neither agree nor disagree	Agree	Strongly agree	Completely agree	Completely agree	7-10	Agree	Disagree	prefer not to say	Completely agree	Disagree	6-9	0.5	Completely disagree	0.5	2	2	Agree
		IP Address		97	476	True		SYN_0229							anonymous	EN	I consent to participate in this study	46	Male	Doctorate	Other		Elementary	Country B	Almost never	Never	Almost never	Almost never	Never	Often	Never	Sometimes	Sometimes	Never	Sometimes	Often	Sometimes	Strongly disagree	Neither agree nor disagree	Strongly disagree	Agree	Completely disagree	Disagree	Disagree	Agree	Agree	Agree	Agree	Agree	Agree	Strongly disagree	Strongly disagree	Agree	Completely disagree	Completely agree	Agree	Neither agree nor disagree	Agree	Neither agree nor disagree	Completely disagree	Agree	Disagree	Completely disagree	Disagree	Strongly disagree	Completely disagree	Strongly disagree	Strongly agree	3	Neither agree nor disagree	Strongly agree	prefer not to say	Neither agree nor disagree	prefer not to say	0	0	Completely disagree	7 or more	0	2	Neither agree nor disagree
		IP Address		93	1608	True		SYN_0230							anonymous	EN	I consent to participate in this study	32	Male	Master's degree	Other		Intermediate	Country B	Always	Sometimes	Often	Always	Always	Often	Almost never	Always	Never	Always	Never	Sometimes	Sometimes	Neither agree nor disagree	Agree	Disagree	Agree	Strongly agree	Completely disagree	Disagree	Strongly agree	Agree	Completely disagree	Agree	Neither agree nor disagree	Strongly disagree	Completely agree	Strongly disagree	Disagree	Agree	Agree	Disagree	Strongly disagree	Strongly disagree	Agree	Strongly disagree	Completely agree	Completely agree	Disagree	Strongly disagree	Neither agree nor disagree	Disagree	Completely disagree	Strongly agree	4-6	Strongly disagree	Completely disagree	4 hrs or more	Agree	Agree	10 or more	0.5	Agree	2	1	0	Strongly disagree
		IP Address		94	990	True		SYN_0231							anonymous	EN	I consent to participate in this study	65	Female	Bachelor's degree	Other		Advanced	Country C	Often	Always	Always	Always	Sometimes	Sometimes	Often	Often	Always	Sometimes	Always	Always	Always	Agree	Agree	Completely agree	Neither agree nor disagree	Disagree	Completely disagree	Disagree	Disagree	Completely disagree	Completely disagree	Neither agree nor disagree	Strongly disagree	Completely agree	Strongly agree	Strongly agree	Disagree	Neither agree nor disagree	Neither agree nor disagree	Neither agree nor disagree	Completely disagree	Strongly disagree	Completely agree	Strongly agree	Neither agree nor disagree	Strongly disagree	Completely agree	Strongly agree	Neither agree nor disagree	Strongly disagree	Strongly agree	Strongly disagree	0	Neither agree nor disagree	Strongly disagree	30-60 min	Agree	Strongly agree	6-9	0	Disagree	7 or more	1	0	Disagree
		IP Address		92	1270	True		SYN_0232							anonymous	EN	I consent to participate in this study	48	Female	Master's degree	Other		Native	Country B	Almost never	Always	Almost never	Always	Sometimes	Always	Always	Almost never	Never	Never	Often	Never	Sometimes	Completely disagree	Strongly agree	Completely disagree	Disagree	Neither agree nor disagree	Completely disagree	Strongly disagree	Neither agree nor disagree	Disagree	Neither agree nor disagree	Completely disagree	Completely disagree	Neither agree nor disagree	Neither agree nor disagree	Completely disagree	Strongly disagree	Agree	Strongly disagree	Neither agree nor disagree	Completely disagree	Disagree	Disagree	Strongly disagree	Neither agree nor disagree	Completely disagree	Strongly disagree	Strongly agree	Completely disagree	Completely disagree	Neither agree nor disagree	Strongly disagree	3	Agree	Strongly agree	2 hrs	Strongly agree	Strongly agree	0	5 or more	Completely disagree	3	10 or more	1	Strongly disagree
		IP Address		100	1603	True		SYN_0233							anonymous	EN	I consent to participate in this study	64	Prefer not to say	High school	Other		Elementary	Country A	Always	Always	Always	Always		Always	Always	Always	Almost never	Almost never	Sometimes	Sometimes	Always	Neither agree nor disagree	Agree	Strongly agree	Neither agree nor disagree	Disagree	Strongly agree	Strongly agree	Agree	Agree	Strongly agree	Agree	Agree	Disagree	Completely agree	Strongly agree	Completely agree	Completely agree	Completely agree	Strongly agree	Completely agree	Completely agree	Agree	Strongly agree	Completely agree	Completely agree	Completely agree	Completely agree	Agree	Strongly disagree	Strongly agree	Completely disagree	1	Disagree	Completely agree	2 hrs	Neither agree nor disagree	prefer not to say	6-9	0.5	Agree	0.5	3-5	0	Disagree
		IP Address		97	1410	True		SYN_0234							anonymous	EN	I consent to participate in this study	63	Prefer not to say	Master's degree	Other		Elementary	Country B	Often	Sometimes	Almost never	Never	Sometimes	Sometimes	Often	Never	Never	Almost never	Sometimes	Sometimes	Sometimes	Completely disagree	Agree	Completely disagree	Strongly disagree	Strongly agree	Disagree	Disagree	Strongly disagree	Neither agree nor disagree	Strongly disagree	Strongly disagree	Strongly disagree	Strongly disagree	Disagree	Completely disagree	Strongly agree	Neither agree nor disagree	Neither agree nor disagree	Disagree	Completely disagree	Completely disagree	Completely agree	Disagree	Completely disagree	Completely disagree	Disagree	Completely agree	Agree	prefer not to say	Strongly agree	Neither agree nor disagree	2	Completely agree	Agree	15-30 min	Agree	Neither agree nor disagree	0	2	prefer not to say	2	6-9	5	Strongly agree
		IP Address		94	1145	True		SYN_0235							anonymous	EN	I consent to participate in this study	58	Prefer not to say	Bachelor's degree	English		Intermediate	Country C	Always	Always	Almost never	Often	Never	Often	Always	Always	Sometimes	Often	Almost never	Sometimes	Always	Neither agree nor disagree	Disagree	Strongly agree	Completely agree	Completely disagree	Completely agree	Completely agree	Strongly agree	Strongly agree	Strongly agree	Neither agree nor disagree	Neither agree nor disagree	Agree	Neither agree nor disagree	Neither agree nor disagree	Strongly agree	Strongly agree	Strongly agree	Strongly agree	Disagree	Neither agree nor disagree	Strongly agree	Completely disagree	Neither agree nor disagree	Neither agree nor disagree	Completely agree	Strongly disagree	Neither agree nor disagree	Neither agree nor disagree	Strongly agree	Completely disagree	11 or more	Disagree	Completely agree	60-90 min	Strongly disagree	Disagree	2	3-4	Strongly agree	0.5	0.5	0	Strongly disagree
		IP Address		93	289	True		SYN_0236							anonymous	EN	I consent to participate in this study	32	Male	High school	Other		Intermediate	Country C	Never	Often	Never	Never	Never	Often	Often	Never	Always	Often	Almost never	Often	Sometimes	Neither agree nor disagree	Disagree	Neither agree nor disagree	Disagree	Neither agree nor disagree	Agree	Completely disagree	Disagree	Agree	Neither agree nor disagree	Disagree	Neither agree nor disagree	Strongly disagree	Disagree	Completely disagree		Strongly agree	Strongly disagree	Disagree	Completely disagree	Strongly disagree	Completely agree	Completely disagree	Neither agree nor disagree	Strongly disagree	Disagree	Strongly disagree	Strongly disagree	prefer not to say	Strongly disagree	Strongly disagree	0	Completely disagree	Disagree	2 hrs	Strongly agree	prefer not to say	6-9	2	Completely disagree	3	0	0	Completely disagree
		IP Address		98	1753	True		SYN_0237							anonymous	EN	I consent to participate in this study	52	Male	Bachelor's degree	English		Native	Country B	Almost never	Never	Never	Always	Almost never	Never	Always	Never	Almost never	Sometimes	Sometimes	Almost never	Sometimes	Agree	Completely agree	Disagree	Strongly agree	Neither agree nor disagree	Disagree	Strongly disagree	Strongly disagree	Agree	Agree	Agree	Strongly disagree	Completely disagree	Disagree	Completely disagree	Neither agree nor disagree	Disagree	Strongly disagree	Neither agree nor disagree	Completely disagree	Completely disagree		Disagree	Strongly disagree	Completely disagree	Disagree	Strongly disagree	Strongly disagree	Strongly disagree	Completely disagree	Neither agree nor disagree	7-10	Completely agree	prefer not to say	4 hrs or more	Neither agree nor disagree	Strongly agree	10 or more	1	Completely disagree	2	2	4	Strongly disagree
		IP Address		100	919	True		SYN_0238							anonymous	EN	I consent to participate in this study	33	Prefer not to say	Bachelor's degree	Other		Native	Country B	Sometimes	Often	Never	Almost never	Never	Never	Almost never	Almost never	Never	Almost never	Sometimes	Never	Sometimes	Disagree	Completely disagree	Disagree	Completely disagree	Completely disagree	Completely disagree	Completely disagree	Completely disagree	Completely disagree	Completely disagree	Strongly disagree	Completely disagree	Disagree	Neither agree nor disagree	Completely disagree	Completely disagree	Completely agree	Neither agree nor disagree	Strongly disagree	Disagree	Completely disagree	Strongly disagree	Neither agree nor disagree	Strongly agree	Completely disagree	Disagree	Disagree	Completely disagree	Completely agree	prefer not to say	Agree	0	Neither agree nor disagree	Agree	15-30 min	prefer not to say	Completely disagree	2	3-4	Strongly agree	2	2	0	Strongly agree
		IP Address		99	1301	True		SYN_0239							anonymous	EN	I consent to participate in this study	36	Female	High school	English		Intermediate	Country A	Almost never	Almost never	Never	Never	Never	Never	Never	Almost never	Often	Never	Always	Almost never	Sometimes	Strongly disagree	Completely disagree	Completely agree	Completely agree	Completely disagree	Disagree	Completely agree	Strongly agree	Strongly agree	Neither agree nor disagree	Completely agree	Neither agree nor disagree	Disagree	Neither agree nor disagree	Disagree	Neither agree nor disagree	Strongly disagree	Completely disagree	Strongly disagree	Strongly agree	Agree	Disagree	Strongly disagree	Disagree	Completely agree	Completely disagree	Strongly disagree	Strongly disagree	Neither agree nor disagree	Strongly disagree	Strongly disagree	2	prefer not to say	Neither agree nor disagree	4 hrs or more	Neither agree nor disagree	Strongly agree	6-9	5 or more	Strongly disagree	0.5	2	6 or more	prefer not to say
		IP Address		93	1363	True		SYN_0240							anonymous	EN	I consent to participate in this study	36	Prefer not to say	Doctorate	English		Advanced	Country A	Often	Sometimes	Almost never	Sometimes	Sometimes	Often	Often	Often	Almost never	Sometimes	Never	Almost never	Never	Strongly agree	Disagree	Strongly agree	Agree	Strongly disagree	Disagree	Disagree	Agree	Agree	Agree	Completely disagree	Strongly disagree	Agree	Strongly disagree	Completely agree	Completely agree	Disagree	Strongly agree	Strongly agree		Strongly agree	Completely agree	Strongly agree	Strongly agree	Agree	Agree	Disagree	Neither agree nor disagree	Neither agree nor disagree	Completely agree	Agree	11 or more	Disagree	Disagree	prefer not to say	prefer not to say	Neither agree nor disagree	3	2	Agree	7 or more	0	2	Strongly agree
		IP Address		100	1390	True		SYN_0241							anonymous	EN	I consent to participate in this study	26	Female	Master's degree	English		Native	Country C	Sometimes	Always	Often	Always	Always	Sometimes	Always	Often	Almost never	Always	Often		Always	Neither agree nor disagree	Strongly disagree	Completely agree	Completely agree	Agree	Agree	Disagree	Neither agree nor disagree	Completely agree	Completely agree	Agree	Agree	Agree	Agree	Agree	Agree	Neither agree nor disagree	Strongly agree	Strongly agree	Completely agree	Strongly agree	Agree	Completely agree	Agree	Strongly disagree	Agree	Agree	Completely agree	Strongly agree	prefer not to say	Agree	1	Neither agree nor disagree	prefer not to say	2-3 hrs	Completely agree	Neither agree nor disagree	0	3-4	Strongly disagree	2	2	4	Agree
		IP Address		96	1466	True		SYN_0242							anonymous	EN	I consent to participate in this study	22	Male	High school	Other		Native	Country A	Almost never	Almost never	Always	Always	Always	Always	Often	Always	Always	Always	Often	Often	Never	Completely agree	Agree	Strongly agree	Completely agree	Strongly agree	Completely agree	Neither agree nor disagree	Strongly agree	Strongly agree	Agree	Completely agree	Strongly agree	Completely agree	Completely agree	Completely agree	Agree	Agree	Neither agree nor disagree	Completely agree	Agree	Agree	Completely agree	Completely agree	Completely agree	Completely agree	Agree	Disagree	Agree	Strongly disagree	Strongly agree	Disagree	3	Agree	Strongly disagree	30-60 min	Disagree	Agree	2	1	Disagree	2	10 or more	0	Strongly disagree
		IP Address		95	1231	True		SYN_0243							anonymous	EN	I consent to participate in this study	61	Female	Doctorate	English		Intermediate	Country B	Always	Sometimes	Sometimes	Always	Always	Always	Sometimes	Sometimes	Almost never	Sometimes	Almost never	Almost never	Always	Strongly disagree	Neither agree nor disagree	Agree	Disagree	Agree	Completely agree	Agree	Strongly agree	Neither agree nor disagree	Neither agree nor disagree	Neither agree nor disagree	Disagree	Completely agree	Strongly agree	Completely agree	Neither agree nor disagree	Neither agree nor disagree	Completely agree	Strongly disagree	Strongly agree	Disagree	Disagree	Completely agree	Strongly agree	Completely agree	Completely agree	Agree	Completely agree	Completely agree	Strongly disagree	Completely agree	1	Neither agree nor disagree	prefer not to say	60-90 min	Completely disagree	Completely disagree	4-5	3-4	Completely agree	1	6-9	2	Disagree
		IP Address		97	1687	True		SYN_0244							anonymous	EN	I consent to participate in this study	53	Male	High school	Other		Intermediate	Country C	Never	Never	Sometimes	Sometimes	Always	Never	Always	Never	Never	Almost never	Always	Sometimes	Sometimes	Agree	Neither agree nor disagree	Strongly agree	Neither agree nor disagree	Strongly disagree	Neither agree nor disagree	Strongly disagree	Completely agree	Completely disagree	Neither agree nor disagree	Agree	Agree	Strongly disagree	Disagree	Completely disagree	Completely disagree	Completely disagree	Neither agree nor disagree	Strongly disagree	Neither agree nor disagree	Agree	Disagree	Completely disagree	Completely disagree	Completely disagree	Completely disagree	Neither agree nor disagree	Disagree	Completely agree	Neither agree nor disagree	Disagree	11 or more	prefer not to say	Completely disagree	2-3 hrs	Neither agree nor disagree	Strongly disagree	1	0.5	prefer not to say	3	3-5	0	Neither agree nor disagree
		IP Address		91	207	True		SYN_0245							anonymous	EN	I consent to participate in this study	47	Prefer not to say	Bachelor's degree	Other		Intermediate	Country B	Almost never	Never	Never	Often	Almost never	Never	Almost never	Sometimes	Sometimes	Never	Never	Almost never	Sometimes	Completely disagree	Completely disagree	Completely disagree	Strongly agree	Completely disagree	Completely disagree	Completely disagree	Strongly disagree	Completely disagree	Strongly disagree	Completely disagree	Completely disagree	Disagree	Strongly agree	Strongly agree	Neither agree nor disagree	Completely disagree	Strongly disagree	Agree	Disagree	Neither agree nor disagree	Strongly disagree	Neither agree nor disagree	Neither agree nor disagree	Strongly agree	Disagree	Strongly disagree	Agree	Completely disagree	Agree	Strongly agree	11 or more	Agree	Agree	15-30 min	prefer not to say	Strongly disagree	10 or more	2	Strongly agree	0	2	5	Strongly agree
		IP Address		93	1453	True		SYN_0246							anonymous	EN	I consent to participate in this study	34	Prefer not to say	High school	Other		Intermediate	Country A	Always	Often	Always	Often	Almost never	Always	Often	Always	Never	Almost never	Never	Never	Sometimes	Disagree	Agree	Agree	Agree	Completely disagree	Strongly agree	Strongly agree	Neither agree nor disagree	Strongly disagree	Agree	Neither agree nor disagree	Strongly agree	Strongly agree	Strongly disagree	Neither agree nor disagree	Strongly disagree	Completely disagree	Strongly agree	Neither agree nor disagree	Strongly agree	Completely agree	Completely disagree	Strongly agree	Strongly agree	Agree	Strongly disagree	Strongly agree	Completely agree	prefer not to say	prefer not to say	Agree	3	Strongly disagree	Neither agree nor disagree	2-3 hrs	Strongly disagree	prefer not to say	2	0.5	Completely disagree	0.5	6-9	0	Completely agree
		IP Address		98	653	True		SYN_0247							anonymous	EN	I consent to participate in this study	62	Male	Doctorate	Other		Intermediate	Country C	Always	Almost never	Never	Never	Almost never	Never	Never	Almost never	Never	Almost never	Almost never	Never	Never	Strongly disagree	Completely disagree	Completely disagree	Completely disagree	Completely disagree	Strongly disagree	Completely disagree	Completely disagree	Completely disagree	Completely disagree	Completely disagree	Strongly disagree	Completely disagree	Neither agree nor disagree	Disagree	Agree	Agree	Completely disagree	Neither agree nor disagree	Neither agree nor disagree	Completely disagree	Neither agree nor disagree	Completely disagree	Completely disagree	Completely disagree	Completely disagree	Completely disagree	Strongly disagree	prefer not to say	Disagree	Agree	11 or more	Disagree	Disagree	2-3 hrs	Strongly disagree	Strongly disagree	3	5 or more	Strongly disagree	2	1	2	Completely agree
		IP Address		100	1036	True		SYN_0248							anonymous	EN	I consent to participate in this study	36	Female	High school	Other		Advanced	Country B	Sometimes	Never	Never	Never	Sometimes	Sometimes	Never	Never	Sometimes	Never	Always	Never	Sometimes	Completely disagree	Strongly agree	Disagree	Strongly disagree	Disagree	Agree	Disagree	Completely disagree	Neither agree nor disagree	Strongly agree	Strongly disagree	Completely disagree	Completely disagree	Completely disagree	Disagree	Strongly disagree	Completely disagree	Completely disagree	Disagree	Completely disagree	Strongly disagree	Disagree	Strongly disagree	Completely disagree	Completely disagree	Completely disagree	Completely disagree	Strongly disagree	Agree	Strongly disagree	Completely agree	4-6	Completely agree	Disagree	60-90 min	Neither agree nor disagree	Disagree	0	0	Completely agree	0.5	3-5	3	Completely agree
		IP Address		99	1029	True		SYN_0249							anonymous	EN	I consent to participate in this study	43	Female	Doctorate	Other		Advanced	Country A	Always	Always	Always	Almost never	Almost never	Always	Always	Never	Always	Often	Sometimes	Often	Often	Disagree	Strongly agree	Completely agree	Agree	Strongly agree	Agree	Agree	Completely agree	Agree	Completely agree	Agree	Completely agree	Strongly agree	Strongly agree	Completely agree	Neither agree nor disagree	Neither agree nor disagree	Strongly agree	Completely agree	Completely agree	Agree	Completely agree	Completely agree	Strongly agree	Completely agree	Disagree	Disagree	Disagree	Strongly disagree	prefer not to say	prefer not to say	11 or more	Completely disagree	Strongly agree	prefer not to say	Strongly disagree	Agree	3	3-4	Completely disagree	7 or more	6-9	4	Strongly agree
		IP Address		94	1282	True		SYN_0250							anonymous	EN	I consent to participate in this study	32	Male	High school	Other		Elementary	Country A	Almost never	Often	Often	Never	Sometimes	Sometimes	Often	Always	Always	Often	Always	Sometimes	Always	Agree	Disagree	Completely agree	Completely agree	Agree	Agree	Strongly agree	Strongly disagree	Strongly agree	Strongly agree	Strongly agree	Strongly agree	Disagree	Agree	Completely agree	Strongly agree	Completely agree	Neither agree nor disagree	Completely disagree	Strongly disagree	Neither agree nor disagree	Neither agree nor disagree	Completely disagree	Disagree	Neither agree nor disagree	Disagree	Disagree	Strongly disagree	Strongly agree	Agree	Completely disagree	1	Agree	Agree	2-3 hrs	Disagree	Completely disagree	1	0	Completely agree	0	0	4	Disagree
		IP Address		99	974	True		SYN_0251							anonymous	EN	I consent to participate in this study	58	Prefer not to say	High school	Other		Advanced	Country A	Sometimes	Always	Always	Always	Sometimes	Never	Always	Always	Never	Often	Often	Never	Never	Completely disagree	Completely disagree	Strongly disagree	Strongly disagree	Completely disagree	Agree	Completely disagree	Neither agree nor disagree	Agree	Completely disagree	Strongly disagree	Strongly disagree	Completely agree	Strongly agree	Completely agree	Agree	Neither agree nor disagree	Neither agree nor disagree	Strongly agree	Neither agree nor disagree	Disagree	Disagree	Strongly agree	Strongly agree	Disagree	Completely agree	Completely agree	Completely agree	Neither agree nor disagree	Completely disagree	prefer not to say	7-10	Disagree	Strongly disagree	2 hrs	Strongly agree	prefer not to say	6-9	2	Completely disagree	1	6-9	3	Completely disagree
		IP Address		93	1747	True		SYN_0252							anonymous	EN	I consent to participate in this study	47	Male	Bachelor's degree	Other		Intermediate	Country A	Always	Always	Always	Always	Always	Almost never	Often	Always	Always	Sometimes	Always	Always	Often	Strongly agree	Strongly agree	Strongly agree	Strongly agree	Strongly agree	Strongly agree	Completely agree	Completely agree	Agree	Strongly disagree	Strongly agree	Strongly agree	Agree	Strongly agree	Strongly agree	Neither agree nor disagree	Agree	Strongly agree	Completely agree	Completely agree	Completely agree	Disagree	Strongly agree	Completely agree	Completely disagree	Agree	Agree	Disagree	Neither agree nor disagree	Neither agree nor disagree	prefer not to say	3	Agree	Agree	prefer not to say	Completely agree	Neither agree nor disagree	1	0	Completely agree	1	2	3	Completely agree
		IP Address		93	537	True		SYN_0253							anonymous	EN	I consent to participate in this study	51	Prefer not to say	Bachelor's degree	English		Intermediate	Country A	Sometimes	Never	Always	Always	Always	Always	Often	Often	Always	Sometimes	Always	Almost never	Often	Strongly agree	Strongly disagree	Completely agree	Completely agree	Completely agree	Completely agree	Completely agree	Strongly agree	Completely agree	Completely agree	Completely agree	Disagree	Completely agree	Completely agree	Strongly agree	Agree	Disagree	Strongly agree	Agree	Completely agree	Completely agree	Completely disagree	Completely agree	Strongly agree	Agree	Completely agree	Neither agree nor disagree	Strongly agree	Completely disagree	Completely disagree	Disagree	0	Completely agree	Completely disagree	0-15 min	Completely disagree	Disagree	4-5	0.5	Neither agree nor disagree	3	10 or more	6 or more	Strongly agree
		IP Address		96	983	True		SYN_0254							anonymous	EN	I consent to participate in this study	61	Male	Bachelor's degree	Other		Intermediate	Country B	Never	Never	Sometimes	Often	Sometimes	Almost never	Sometimes	Always	Sometimes	Often	Often	Often	Sometimes	Agree	Neither agree nor disagree	Strongly agree	Agree	Strongly disagree	Disagree	Completely agree	Strongly disagree	Strongly disagree	Completely agree	Completely agree	Completely agree	Completely disagree	Neither agree nor disagree	Strongly disagree	Completely disagree	Disagree	Strongly disagree	Disagree	Strongly disagree	Disagree	Agree	Completely agree	Agree	Strongly disagree	Disagree	Neither agree nor disagree		Strongly disagree	Neither agree nor disagree	Strongly disagree	2	Disagree	Completely disagree	30-60 min	Strongly agree	Strongly disagree	10 or more	5 or more	Disagree	4-6	3-5	6 or more	Agree
		IP Address		94	957	True		SYN_0255							anonymous	EN	I consent to participate in this study	19	Male	Master's degree	Other		Native	Country B	Almost never	Often	Almost never	Sometimes	Never	Almost never	Almost never	Almost never	Always	Often	Always	Sometimes	Always	Completely agree	Strongly disagree	Agree	Neither agree nor disagree	Strongly agree	Completely agree	Strongly agree	Disagree	Agree	Agree	Completely agree	Completely agree	Completely disagree	Strongly disagree	Strongly disagree	Disagree	Strongly disagree	Disagree	Strongly agree	Completely disagree	Disagree	Strongly agree	Neither agree nor disagree	Completely disagree	Completely disagree	Strongly disagree	Neither agree nor disagree	Completely disagree	Completely agree	Neither agree nor disagree	Strongly disagree	11 or more	Completely disagree	Strongly disagree	prefer not to say	Neither agree nor disagree	prefer not to say	2	1	Completely disagree	1	6-9	0	Strongly agree
		IP Address		99	308	True		SYN_0256							anonymous	EN	I consent to participate in this study	53	Prefer not to say	Master's degree	Other		Advanced	Country A	Never	Sometimes	Always	Never	Never	Never	Never	Never	Always	Always	Almost never	Never	Often	Agree	Completely disagree	Strongly agree	Completely agree	Agree	Disagree	Completely agree	Neither agree nor disagree	Completely agree	Agree	Strongly agree	Completely agree	Completely disagree	Disagree	Strongly disagree	Agree	Disagree	Completely agree	Strongly agree	Strongly disagree	Neither agree nor disagree	Strongly disagree	Disagree	Strongly disagree	Disagree	Completely disagree	Neither agree nor disagree	Completely disagree	Disagree	Completely agree	prefer not to say	2	Neither agree nor disagree	Neither agree nor disagree	60-90 min	Neither agree nor disagree	Strongly disagree	4-5	5 or more	Agree	2	10 or more	3	prefer not to say
		IP Address		100	421	True		SYN_0257							anonymous	EN	I consent to participate in this study	52	Prefer not to say	Bachelor's degree	English		Intermediate	Country B	Often	Often	Sometimes	Sometimes	Never	Never	Always	Almost never	Sometimes	Almost never	Never	Almost never	Never	Completely disagree	Strongly disagree	Strongly disagree	Agree	Strongly disagree	Strongly agree	Completely disagree	Completely disagree	Disagree	Strongly disagree	Neither agree nor disagree	Disagree	Agree	Agree	Agree	Strongly disagree	Strongly agree	Strongly agree	Strongly agree	Neither agree nor disagree	Agree	Strongly agree	Strongly disagree	Neither agree nor disagree	Disagree	Strongly disagree	Strongly agree	Completely disagree	prefer not to say	Completely disagree	Agree	11 or more	Neither agree nor disagree	Strongly agree	4 hrs or more	Agree	Strongly agree	0	2	prefer not to say	0.5	3-5	1	prefer not to say
		IP Address		100	1319	True		SYN_0258							anonymous	EN	I consent to participate in this study	21	Female	Doctorate	English		Native	Country B	Almost never	Often	Always	Sometimes	Always	Often	Always	Always	Always	Never	Never	Often	Often	Agree	Agree	Completely agree	Disagree	Agree	Disagree	Completely agree	Completely disagree	Disagree	Agree	Strongly disagree	Completely disagree	Agree	Completely agree	Completely agree	Agree	Completely agree	Strongly agree	Agree	Strongly agree	Strongly agree	Completely agree	Completely agree	Completely agree	Strongly agree	Completely agree	Neither agree nor disagree	Agree	Completely agree	prefer not to say	Strongly agree	0	Completely agree	Completely disagree	4 hrs or more	Agree	Disagree	0	1.5	Completely disagree	0.5	0	4	Disagree
		IP Address		98	1794	True		SYN_0259							anonymous	EN	I consent to participate in this study	21	Prefer not to say	Doctorate	Other		Intermediate	Country C	Always	Always	Often	Often	Always	Always	Always	Always	Always	Often	Sometimes	Always	Never	Agree	Strongly agree	Completely agree	Agree	Completely agree	Completely agree	Completely agree	Neither agree nor disagree	Strongly agree	Strongly disagree	Strongly disagree	Agree	Completely agree	Completely agree	Completely agree	Strongly agree	Agree	Completely agree	Completely agree	Completely agree	Neither agree nor disagree	Completely agree	Completely agree	Completely agree	Completely agree	Completely agree	Completely agree	Completely agree	Strongly disagree	Neither agree nor disagree	Completely disagree	3	Neither agree nor disagree	prefer not to say	prefer not to say	Agree	Disagree	0	0.5	Neither agree nor disagree	7 or more	2	3	prefer not to say
		IP Address		91	1082	True		SYN_0260							anonymous	EN	I consent to participate in this study	33	Male	Bachelor's degree	English		Advanced	Country A	Sometimes	Sometimes	Never	Almost never	Never	Never	Never	Almost never	Often	Almost never	Almost never	Never	Almost never	Disagree	Strongly agree	Disagree	Strongly agree	Disagree	Disagree	Strongly disagree	Disagree	Neither agree nor disagree	Strongly disagree	Disagree	Completely disagree	Completely agree	Neither agree nor disagree	Strongly disagree	Strongly agree	Agree	Disagree	Agree	Strongly disagree	Completely disagree	Strongly agree	Neither agree nor disagree	Strongly disagree	Completely disagree	Completely disagree	Disagree	Agree	Agree	Strongly agree	Neither agree nor disagree	1	Strongly agree	prefer not to say	4 hrs or more	Completely disagree	Neither agree nor disagree	1	1	prefer not to say	0	0	3	Neither agree nor disagree
		IP Address		96	1582	True		SYN_0261							anonymous	EN	I consent to participate in this study	34	Male	Bachelor's degree	Other		Elementary	Country C	Often	Sometimes	Always	Often	Sometimes	Always	Sometimes	Always	Often	Always	Always	Always	Always	Agree	Strongly agree		Completely agree	Neither agree nor disagree	Strongly agree	Completely agree	Completely agree	Completely agree	Strongly agree	Completely agree	Completely agree	Completely agree	Completely agree	Completely agree	Completely agree	Agree	Neither agree nor disagree	Completely agree	Agree	Completely agree	Completely agree	Completely agree	Completely agree	Completely agree	Completely agree	Completely agree	Strongly agree	Completely agree	prefer not to say	prefer not to say	7-10	Disagree	Completely agree	2 hrs	Completely disagree	Disagree	3	5 or more	Neither agree nor disagree	1	2	0	Strongly agree
		IP Address		93	337	True		SYN_0262							anonymous	EN	I consent to participate in this study	26	Male	Doctorate	Other		Native	Country C	Often	Always	Never		Sometimes		Never	Often	Sometimes	Almost never	Sometimes	Often	Often	Agree	Disagree	Disagree	Strongly disagree	Neither agree nor disagree	Completely agree	Neither agree nor disagree	Strongly disagree	Strongly disagree	Strongly agree	Neither agree nor disagree		Completely agree	Strongly disagree	Completely disagree	Disagree	Strongly agree	Strongly agree	Completely disagree	Disagree	Strongly disagree	Disagree	Neither agree nor disagree	Strongly disagree	Strongly agree	Completely disagree	Strongly agree	Completely disagree	Disagree	Strongly agree	Disagree	3	Neither agree nor disagree	Strongly disagree	15-30 min	Agree	Strongly agree	10 or more	1	Completely disagree	4-6	10 or more	4	Completely disagree
		IP Address		92	1427	True		SYN_0263							anonymous	EN	I consent to participate in this study	41	Male	Doctorate	Other		Elementary	Country B	Sometimes	Sometimes	Sometimes	Almost never	Always	Almost never	Sometimes	Almost never	Sometimes	Always	Sometimes	Sometimes	Almost never	Strongly agree	Agree	Disagree	Completely agree	Strongly agree	Strongly agree	Agree	Completely agree	Strongly disagree	Agree	Agree	Strongly disagree	Completely agree	Strongly agree	Completely disagree	Agree	Agree	Disagree	Completely disagree	Completely disagree	Agree	Strongly disagree	Strongly disagree	Strongly agree	Completely disagree	Completely disagree	Disagree	Strongly disagree	prefer not to say	Strongly agree	prefer not to say	2	Strongly agree	prefer not to say	4 hrs or more	Strongly disagree	Neither agree nor disagree	4-5	0.5	Neither agree nor disagree	0	6-9	5	prefer not to say
		IP Address		92	356	True		SYN_0264							anonymous	EN	I consent to participate in this study	23	Male	Bachelor's degree	Other		Advanced	Country B	Never	Almost never	Almost never	Sometimes	Almost never	Never	Often	Never	Almost never	Sometimes	Sometimes	Sometimes	Almost never	Disagree	Agree	Strongly agree	Completely agree	Neither agree nor disagree	Completely agree	Agree	Disagree	Completely agree	Completely agree	Neither agree nor disagree	Disagree	Agree	Agree	Completely disagree	Disagree	Agree	Strongly disagree	Strongly disagree	Completely disagree	Completely disagree	Completely disagree	Agree	Neither agree nor disagree	Strongly disagree	Completely disagree	Neither agree nor disagree	Neither agree nor disagree	Disagree	Neither agree nor disagree	Disagree	1	Neither agree nor disagree	Strongly disagree	2-3 hrs	Strongly disagree	Strongly disagree	6-9	1.5	Strongly agree	0	3-5	6 or more	Strongly disagree
		IP Address		93	1754	True		SYN_0265							anonymous	EN	I consent to participate in this study	55	Male	Doctorate	Other		Advanced	Country A	Always	Often	Almost never	Never	Almost never	Often	Sometimes	Always	Never	Sometimes	Often	Always	Sometimes	Strongly disagree	Neither agree nor disagree	Disagree	Disagree	Strongly agree	Strongly agree	Strongly disagree	Neither agree nor disagree	Disagree	Agree	Strongly disagree	Strongly disagree	Neither agree nor disagree	Completely agree	Disagree	Completely disagree	Agree	Strongly agree	Neither agree nor disagree	Neither agree nor disagree	Strongly agree	Completely agree	Strongly agree	Agree	Completely agree	Disagree	Neither agree nor disagree	Strongly agree	Strongly agree	prefer not to say	Agree	3	Disagree	Disagree	2-3 hrs	prefer not to say	Completely agree	1	1.5	Neither agree nor disagree	0.5	1	0	Disagree
		IP Address		99	1054	True		SYN_0266							anonymous	EN	I consent to participate in this study	53	Prefer not to say	High school	English		Native	Country B	Always	Sometimes	Often	Never	Often	Sometimes	Always	Sometimes	Often	Sometimes	Almost never	Never	Sometimes	Disagree	Strongly agree	Disagree	Neither agree nor disagree	Strongly agree	Agree	Neither agree nor disagree	Neither agree nor disagree	Strongly agree	Neither agree nor disagree	Disagree	Strongly disagree	Completely agree	Disagree	Neither agree nor disagree	Strongly agree	Completely agree	Strongly agree	Completely agree		Neither agree nor disagree	Disagree	Strongly agree	Neither agree nor disagree	Neither agree nor disagree	Agree	Neither agree nor disagree	Completely agree	Completely disagree	Strongly agree	Completely disagree	11 or more	Agree	Completely disagree	2-3 hrs	Disagree	Completely agree	2	0	Strongly disagree	0.5	1	2	Completely agree
		IP Address		99	1609	True		SYN_0267							anonymous	EN	I consent to participate in this study	41	Female	Bachelor's degree	Other		Advanced	Country A	Sometimes	Sometimes	Often	Sometimes	Always	Always	Often	Often	Always	Always	Often	Sometimes	Always	Completely agree	Strongly agree	Neither agree nor disagree	Agree	Neither agree nor disagree	Strongly agree	Neither agree nor disagree	Disagree	Completely agree	Disagree	Disagree	Strongly agree	Strongly disagree	Disagree	Strongly disagree	Neither agree nor disagree	Agree	Completely agree	Strongly agree	Completely agree	Neither agree nor disagree	Neither agree nor disagree	Agree	Agree	Completely agree	Strongly agree		Strongly agree	Completely agree	Strongly agree	Disagree	2	Completely agree	Strongly agree	60-90 min	Disagree	Agree	2	1.5	Disagree	7 or more	3-5	0	Strongly agree
		IP Address		91	1282	True		SYN_0268							anonymous	EN	I consent to participate in this study	33	Male	Bachelor's degree	English		Elementary	Country B	Never	Sometimes	Sometimes	Often	Almost never	Always	Almost never	Often	Never	Almost never	Almost never	Almost never	Sometimes	Completely disagree	Disagree	Neither agree nor disagree	Completely agree	Disagree	Neither agree nor disagree	Agree	Strongly disagree	Agree	Completely agree	Completely disagree	Neither agree nor disagree	Agree	Completely disagree	Strongly disagree	Strongly agree	Agree	Neither agree nor disagree	Neither agree nor disagree	Neither agree nor disagree	Disagree	Agree	Strongly disagree	Strongly agree	Completely disagree	Agree	Completely disagree	Completely disagree	Neither agree nor disagree	Completely disagree	Disagree	3	Strongly disagree	prefer not to say	60-90 min	Agree	prefer not to say	6-9	1	Strongly agree	2	0.5	1	Disagree
		IP Address		96	744	True		SYN_0269							anonymous	EN	I consent to participate in this study	53	Prefer not to say	Doctorate	English		Advanced	Country A	Sometimes	Often	Almost never	Never	Always	Often	Often	Almost never	Always	Sometimes	Never	Sometimes	Sometimes	Completely disagree	Neither agree nor disagree	Agree	Disagree	Neither agree nor disagree	Strongly agree	Completely agree	Agree	Strongly agree	Agree	Strongly disagree	Disagree	Neither agree nor disagree	Strongly disagree	Neither agree nor disagree	Neither agree nor disagree	Neither agree nor disagree	Neither agree nor disagree	Completely agree	Disagree	Strongly disagree	Strongly disagree	Neither agree nor disagree	Neither agree nor disagree	Neither agree nor disagree	Agree	Neither agree nor disagree	Completely disagree	Completely disagree	Completely agree	Strongly agree	11 or more	Completely disagree	Completely disagree	2-3 hrs	Agree	Neither agree nor disagree	1	1.5	Completely agree	0.5	2	5	Agree
		IP Address		100	341	True		SYN_0270							anonymous	EN	I consent to participate in this study	34	Male	Bachelor's degree	Other		Elementary	Country B	Always	Often	Often	Never	Always	Sometimes	Almost never	Sometimes	Always	Often	Sometimes	Often	Sometimes	Strongly disagree	Completely agree	Neither agree nor disagree	Completely agree	Completely agree	Neither agree nor disagree	Neither agree nor disagree	Completely agree	Completely agree	Neither agree nor disagree	Completely agree	Completely agree	Strongly agree	Agree	Agree	Strongly agree	Agree	Agree	Completely agree	Completely disagree	Disagree	Agree	Strongly agree	Completely agree	Agree	Disagree	Disagree	Strongly agree	Neither agree nor disagree	Neither agree nor disagree	Strongly disagree	0	Completely agree	Strongly agree	0-15 min	Strongly agree	prefer not to say	10 or more	0.5	Agree	1	6-9	5	Strongly disagree
		IP Address		97	486	True		SYN_0271							anonymous	EN	I consent to participate in this study	30	Male	Doctorate	English		Intermediate	Country A	Always	Always	Sometimes	Always	Always	Always	Often	Often	Never	Sometimes	Sometimes	Never	Often	Disagree	Strongly agree	Completely agree	Agree	Strongly agree	Strongly agree	Neither agree nor disagree	Disagree	Agree	Agree	Strongly agree	Disagree	Neither agree nor disagree	Strongly agree	Strongly agree	Agree	Strongly agree	Agree	Completely agree	Strongly disagree	Agree	Strongly agree	Disagree	Completely agree	Agree	Agree	Completely agree	Neither agree nor disagree	prefer not to say	Neither agree nor disagree	Strongly agree	4-6	Disagree	Disagree	30-60 min	Completely disagree	Neither agree nor disagree	4-5	5 or more	Agree	7 or more	6-9	0	Neither agree nor disagree
		IP Address		94	1079	True		SYN_0272							anonymous	EN	I consent to participate in this study	63	Prefer not to say	Bachelor's degree	English		Elementary	Country B	Almost never	Sometimes	Never	Never	Sometimes	Almost never	Almost never	Often	Almost never	Never	Never	Almost never	Almost never	Completely disagree	Completely disagree	Completely disagree	Strongly disagree	Completely disagree	Completely disagree	Agree	Completely disagree	Strongly disagree	Completely disagree	Strongly disagree	Completely disagree	Strongly agree	Completely disagree	Completely agree	Strongly disagree	Completely agree	Strongly agree	Strongly disagree	Agree	Disagree	Completely agree	Disagree	Completely disagree	Strongly disagree	Completely agree	Completely disagree	Disagree	Neither agree nor disagree	Neither agree nor disagree	Strongly disagree	2	Neither agree nor disagree	Strongly disagree	4 hrs or more	Completely disagree	Completely agree	1	1.5	Strongly agree	0.5	0	4	Neither agree nor disagree
		IP Address		96	1029	True		SYN_0273							anonymous	EN	I consent to participate in this study	51	Female	Master's degree	English		Intermediate	Country C	Often	Often	Often	Often	Almost never	Almost never	Always	Always	Never	Sometimes	Sometimes	Always	Often	Strongly agree	Completely agree	Strongly agree	Strongly agree	Neither agree nor disagree	Completely agree	Agree	Completely agree	Strongly disagree	Neither agree nor disagree	Strongly agree	Strongly agree	Agree	Completely agree	Completely agree	Strongly agree	Neither agree nor disagree	Completely agree	Strongly agree	Strongly agree	Agree	Strongly agree	Strongly agree	Strongly agree	Completely agree	Completely disagree	Neither agree nor disagree	Strongly agree	prefer not to say	Completely agree	Strongly disagree	1	Agree	Strongly disagree	60-90 min	prefer not to say	Strongly agree	4-5	0.5	Agree	0	10 or more	2	Completely agree
		IP Address		96	1644	True		SYN_0274							anonymous	EN	I consent to participate in this study	32	Prefer not to say	Master's degree	English		Intermediate	Country C	Often	Always	Sometimes	Always	Always	Often	Always	Always	Always	Always	Almost never	Always	Never	Agree	Disagree	Neither agree nor disagree	Agree	Strongly disagree	Completely agree	Strongly agree	Strongly agree	Completely agree	Completely agree	Neither agree nor disagree	Completely agree	Completely agree	Strongly agree	Strongly agree	Agree	Strongly agree	Completely agree	Agree	Completely agree	Completely agree	Strongly disagree	Strongly disagree	Neither agree nor disagree	Strongly agree	Strongly agree	Neither agree nor disagree	Completely agree	prefer not to say	Strongly agree	Completely agree	1	Completely agree	Disagree	30-60 min	Completely disagree	Disagree	3	3-4	Completely agree	0	6-9	5	Completely agree
		IP Address		93	1312	True		SYN_0275							anonymous	EN	I consent to participate in this study	52	Female	Bachelor's degree	Other		Native	Country A	Sometimes	Almost never	Never	Often	Never	Almost never	Sometimes	Never	Almost never	Almost never	Always	Never	Sometimes	Completely agree	Strongly agree	Strongly disagree	Agree	Neither agree nor disagree	Completely agree	Neither agree nor disagree	Strongly disagree	Completely disagree	Neither agree nor disagree	Neither agree nor disagree	Strongly agree	Neither agree nor disagree	Neither agree nor disagree	Agree	Strongly disagree	Completely disagree	Strongly disagree	Neither agree nor disagree	Strongly disagree	Completely disagree	Completely disagree	Completely disagree	Disagree	Completely disagree	Neither agree nor disagree	Agree	Disagree	Agree	Strongly disagree	Completely disagree	3	Strongly agree	Strongly disagree	0-15 min	Neither agree nor disagree	Completely agree	3	0.5	Disagree	0	1	3	prefer not to say
		IP Address		95	1682	True		SYN_0276							anonymous	EN	I consent to participate in this study	40	Female	Master's degree	English		Native	Country A	Always	Always	Always	Always	Never	Always	Sometimes	Always	Sometimes	Always	Always	Always	Always	Strongly agree	Agree	Completely agree	Agree	Strongly agree	Completely disagree	Completely agree	Agree	Completely agree	Strongly agree	Agree	Completely agree	Agree	Completely disagree	Strongly disagree	Completely agree	Neither agree nor disagree	Completely agree	Disagree	Agree	Strongly agree	Disagree	Neither agree nor disagree	Completely agree	Completely agree	Completely agree	Neither agree nor disagree	Disagree	Neither agree nor disagree	Strongly disagree	prefer not to say	1	Neither agree nor disagree	Completely agree	4 hrs or more	Strongly agree	Strongly agree	0	0	Completely agree	3	0.5	6 or more	Strongly disagree
		IP Address		96	1654	True		SYN_0277							anonymous	EN	I consent to participate in this study	20	Prefer not to say	High school	English		Native	Country A	Always	Always	Sometimes	Sometimes	Always	Often	Almost never	Often	Sometimes	Always	Sometimes	Never	Sometimes	Disagree	Completely disagree	Completely agree	Completely disagree	Strongly disagree	Strongly disagree	Strongly disagree	Agree	Completely disagree	Disagree	Agree	Completely disagree	Neither agree nor disagree	Disagree	Neither agree nor disagree	Completely disagree	Completely agree	Agree	Completely disagree	Strongly agree	Completely agree	Agree	Agree	Neither agree nor disagree	Disagree	Completely agree	Strongly disagree	Neither agree nor disagree	Strongly disagree	Completely disagree	Strongly disagree	1	Disagree	Completely agree	0-15 min	Strongly disagree	Completely agree	1	3-4	Strongly agree	0	10 or more	3	prefer not to say
		IP Address		98	821	True		SYN_0278							anonymous	EN	I consent to participate in this study	37	Prefer not to say	Doctorate	English		Native	Country A	Almost never	Often	Sometimes	Sometimes	Always	Never	Often	Always	Often	Always	Often	Always	Sometimes	Completely agree	Agree	Completely agree	Completely agree	Neither agree nor disagree	Strongly agree	Completely agree	Completely agree	Completely agree	Completely agree	Completely agree	Strongly agree	Strongly disagree	Neither agree nor disagree	Disagree	Completely agree	Neither agree nor disagree	Strongly agree	Neither agree nor disagree	Completely agree	Neither agree nor disagree	Strongly agree	Agree	Strongly agree		Completely agree	Neither agree nor disagree	Agree	Disagree	prefer not to say	Disagree	4-6	Strongly agree	Strongly disagree	2 hrs	Completely agree	Disagree	1	0.5	Agree	3	6-9	6 or more	Strongly agree
		IP Address		93	1025	True		SYN_0279							anonymous	EN	I consent to participate in this study	64	Female	High school	English		Native	Country B	Often	Almost never	Always	Always	Sometimes	Always	Sometimes	Sometimes	Often	Always	Always	Always	Almost never	Strongly agree	Completely agree	Strongly agree	Strongly agree	Agree	Disagree	Agree	Completely agree	Disagree	Completely agree	Completely agree	Completely agree	Completely agree	Strongly agree	Neither agree nor disagree	Agree	Neither agree nor disagree	Neither agree nor disagree	Completely agree	Strongly agree	Agree	Neither agree nor disagree	Strongly disagree	Disagree	Neither agree nor disagree	Disagree	Strongly agree	Disagree	Agree	Agree	Completely disagree	2	Disagree	Disagree	0-15 min	Neither agree nor disagree	Agree	2	5 or more	Completely disagree	1	0.5	2	Strongly agree
		IP Address		92	865	True		SYN_0280							anonymous	EN	I consent to participate in this study	53	Prefer not to say	High school	Other		Advanced	Country A	Often	Sometimes	Almost never	Almost never	Often	Almost never	Often	Always	Always	Never	Often	Almost never	Often	Disagree	Strongly agree	Completely agree	Strongly agree	Neither agree nor disagree	Neither agree nor disagree	Agree	Strongly disagree	Strongly agree	Neither agree nor disagree	Disagree	Completely disagree	Completely agree	Strongly agree	Completely agree	Strongly agree	Disagree	Agree	Agree	Agree	Completely agree	Neither agree nor disagree	Completely agree	Completely agree	Strongly agree	Strongly disagree	Strongly disagree	Strongly agree	prefer not to say	prefer not to say	Completely agree	4-6	Strongly agree	prefer not to say	4 hrs or more	Strongly disagree	Disagree	2	2	Strongly disagree	2	10 or more	2	Completely agree
		IP Address		98	905	True		SYN_0281							anonymous	EN	I consent to participate in this study	21	Male	Bachelor's degree	English		Native	Country A	Sometimes	Always	Sometimes		Sometimes	Often	Always	Often	Sometimes	Always	Often	Almost never	Sometimes	Agree	Strongly disagree	Agree	Completely disagree	Strongly agree	Completely agree	Disagree	Neither agree nor disagree	Strongly agree	Strongly agree	Strongly agree	Completely agree	Neither agree nor disagree	Neither agree nor disagree	Completely agree	Strongly agree	Strongly agree	Completely agree	Strongly agree	Completely agree	Strongly agree	Agree	Strongly agree	Strongly agree	Strongly agree	Completely agree	Disagree	Completely agree	Completely disagree	prefer not to say	Neither agree nor disagree	2	Agree	Strongly disagree	prefer not to say	prefer not to say	Agree	2	3-4	Strongly disagree	0.5	0	5	Neither agree nor disagree
		IP Address		96	637	True		SYN_0282							anonymous	EN	I consent to participate in this study	27	Male	Master's degree	Other		Intermediate	Country C	Never	Almost never	Sometimes	Never	Never	Sometimes	Never	Almost never	Sometimes	Always	Often	Always	Often	Neither agree nor disagree	Strongly disagree	Completely agree	Strongly disagree	Completely agree	Strongly agree	Strongly agree	Strongly agree	Neither agree nor disagree	Agree	Neither agree nor disagree	Strongly agree	Completely disagree	Completely disagree	Completely disagree	Neither agree nor disagree	Neither agree nor disagree	Strongly disagree	Strongly disagree	Completely disagree	Disagree	Strongly disagree	Disagree	Strongly disagree	Strongly disagree	Strongly disagree	Agree	Completely disagree	prefer not to say	Neither agree nor disagree	Strongly agree	7-10	prefer not to say	Neither agree nor disagree	prefer not to say	Completely disagree	Completely agree	3	0.5	Strongly agree	4-6	0.5	1	Strongly agree
		IP Address		93	724	True		SYN_0283							anonymous	EN	I consent to participate in this study	27	Male	Doctorate	English		Intermediate	Country C	Sometimes	Almost never	Often	Almost never	Often	Never	Sometimes	Sometimes	Always	Never	Always	Often	Never	Completely disagree	Strongly disagree	Disagree	Disagree	Completely disagree	Strongly agree	Disagree	Neither agree nor disagree	Strongly agree	Completely disagree	Disagree	Strongly disagree	Completely disagree	Agree	Disagree	Agree	Neither agree nor disagree	Completely disagree	Strongly disagree		Disagree	Strongly agree	Neither agree nor disagree	Neither agree nor disagree	Agree	Neither agree nor disagree	Disagree	Agree	Disagree	Strongly agree	prefer not to say	3	prefer not to say	Agree	30-60 min	Completely disagree	prefer not to say	0	2	Agree	4-6	6-9	2	Neither agree nor disagree
		IP Address		96	1107	True		SYN_0284							anonymous	EN	I consent to participate in this study	62	Female	Doctorate	English		Intermediate	Country B	Often	Often	Almost never	Sometimes	Never	Always	Almost never	Almost never	Always	Often	Almost never	Often	Often	Completely agree	Strongly agree	Completely agree	Strongly disagree	Strongly agree	Disagree	Strongly agree	Completely agree	Completely agree	Completely agree	Strongly agree	Strongly agree	Neither agree nor disagree	Agree	Strongly agree	Neither agree nor disagree	Strongly disagree	Disagree	Neither agree nor disagree	Completely agree	Strongly disagree	Completely agree	Neither agree nor disagree	Disagree	Completely agree	Strongly agree	Disagree	Agree	prefer not to say	Strongly agree	Neither agree nor disagree	0	Agree	Strongly disagree	60-90 min	Strongly disagree	Strongly disagree	10 or more	1	Strongly agree	0.5	2	5	prefer not to say
		IP Address		100	971	True		SYN_0285							anonymous	EN	I consent to participate in this study	56	Prefer not to say	Master's degree	English		Native	Country A	Always		Sometimes	Never	Often	Always	Always	Never	Often	Never	Almost never	Almost never	Never	Strongly agree	Strongly agree	Completely disagree	Neither agree nor disagree	Disagree	Completely disagree	Disagree	Agree	Agree	Strongly agree	Strongly agree	Strongly disagree	Strongly disagree	Agree	Agree	Neither agree nor disagree		Neither agree nor disagree	Neither agree nor disagree	Strongly disagree	Strongly disagree	Completely disagree	Neither agree nor disagree	Neither agree nor disagree	Strongly agree	Disagree	Agree	Strongly agree	Strongly disagree	Disagree	Completely agree	2	Disagree	Strongly disagree	4 hrs or more	Completely disagree	Strongly agree	0	1.5	Disagree	0	0	1	Strongly agree
		IP Address		100	1094	True		SYN_0286							anonymous	EN	I consent to participate in this study	50	Female	Bachelor's degree	Other		Native	Country A	Always	Often	Often	Always	Almost never	Sometimes	Always	Often	Almost never	Always	Almost never	Never	Sometimes	Strongly agree	Strongly agree	Disagree	Strongly agree	Disagree	Strongly disagree	Completely agree	Strongly disagree	Completely disagree	Neither agree nor disagree	Disagree	Disagree	Strongly agree	Completely agree	Completely agree	Completely agree	Strongly disagree	Agree	Completely disagree	Disagree	Strongly agree	Completely agree	Disagree	Disagree	Neither agree nor disagree	Strongly agree	Neither agree nor disagree	Strongly disagree	Strongly agree	Completely disagree	Completely agree	2	Neither agree nor disagree	Disagree	0-15 min	Disagree	Strongly disagree	10 or more	2	Strongly disagree	7 or more	0	6 or more	Completely agree
		IP Address		93	224	True		SYN_0287							anonymous	EN	I consent to participate in this study	22	Prefer not to say	Master's degree	English		Native	Country C	Sometimes	Almost never	Always	Often	Often	Often	Sometimes	Never	Never	Often	Sometimes	Never		Completely disagree	Completely disagree	Completely disagree	Completely disagree	Neither agree nor disagree	Completely disagree	Neither agree nor disagree	Completely disagree	Completely disagree	Completely disagree	Completely disagree	Completely disagree	Completely disagree	Disagree	Completely agree	Strongly disagree	Agree	Completely agree	Completely disagree	Disagree	Agree	Completely agree	Completely agree	Completely agree	Completely disagree	Disagree	Strongly agree	Strongly disagree	Neither agree nor disagree	Strongly disagree	Strongly disagree	0	prefer not to say	Completely disagree	2 hrs	Disagree	prefer not to say	3	0	Neither agree nor disagree	0.5	0.5	0	prefer not to say
		IP Address		97	1339	True		SYN_0288							anonymous	EN	I consent to participate in this study	65	Female	Doctorate	Other		Elementary	Country C	Sometimes	Almost never	Sometimes	Always	Sometimes	Often	Sometimes	Always	Always	Almost never	Almost never	Sometimes	Never	Agree	Neither agree nor disagree	Completely agree	Disagree	Strongly disagree	Strongly disagree	Completely agree	Neither agree nor disagree	Strongly disagree	Agree	Neither agree nor disagree	Disagree	Completely agree	Completely agree	Neither agree nor disagree	Strongly disagree	Strongly disagree	Strongly agree	Agree	Neither agree nor disagree	Completely agree	Strongly agree	Strongly agree	Completely agree	Strongly agree	Agree	Neither agree nor disagree	Disagree	Strongly agree	Completely disagree	Agree	1	Completely disagree	Neither agree nor disagree	2-3 hrs	Strongly disagree	Strongly disagree	3	1.5	Completely disagree	4-6	6-9	4	Strongly disagree
		IP Address		100	1525	True		SYN_0289							anonymous	EN	I consent to participate in this study	19	Female	Bachelor's degree	Other		Intermediate	Country A	Never		Often	Sometimes	Always	Sometimes	Sometimes	Almost never	Never	Never	Never	Often	Almost never	Completely disagree	Disagree	Completely disagree	Completely disagree	Strongly agree	Neither agree nor disagree	Completely disagree	Strongly disagree	Disagree	Strongly disagree	Strongly disagree	Disagree	Completely disagree	Completely agree	Strongly disagree	Completely disagree		Completely disagree	Neither agree nor disagree	Strongly agree	Strongly disagree	Strongly disagree	Strongly disagree	Completely disagree	Agree	Completely disagree	Neither agree nor disagree	Strongly disagree	Completely agree	prefer not to say	Completely agree	7-10	Strongly disagree	Agree	2 hrs	Neither agree nor disagree	prefer not to say	4-5	0	prefer not to say	3	1	1	Agree
		IP Address		96	1444	True		SYN_0290							anonymous	EN	I consent to participate in this study	22	Male	Master's degree	Other		Native	Country B	Often	Never	Almost never	Never	Always	Almost never	Often	Almost never	Never	Never	Never	Sometimes	Sometimes	Strongly disagree	Disagree	Completely disagree	Strongly disagree	Strongly disagree	Strongly agree	Completely disagree	Completely disagree	Completely disagree	Strongly disagree	Completely disagree	Completely disagree	Completely disagree	Completely disagree	Strongly disagree	Completely agree	Neither agree nor disagree	Strongly disagree	Disagree	Strongly disagree	Neither agree nor disagree	Strongly disagree	Neither agree nor disagree	Strongly disagree	Agree	Strongly agree	Completely disagree	Neither agree nor disagree	Agree	Strongly agree	Strongly agree	0	Completely disagree	Completely disagree	15-30 min	Completely agree	prefer not to say	0	1.5	Completely agree	7 or more	0	2	Agree
		IP Address		94	1182	True		SYN_0291							anonymous	EN	I consent to participate in this study	50	Male	Master's degree	Other		Elementary	Country C	Always	Never	Almost never	Always	Never	Never	Often	Sometimes	Always	Always	Sometimes	Often	Always	Agree	Neither agree nor disagree	Strongly disagree	Neither agree nor disagree	Completely agree	Agree	Neither agree nor disagree	Neither agree nor disagree	Neither agree nor disagree	Completely agree	Agree	Completely disagree	Strongly agree	Neither agree nor disagree	Completely disagree	Completely disagree	Agree	Completely disagree	Strongly disagree	Neither agree nor disagree	Completely disagree	Agree	Disagree	Completely disagree	Completely disagree	Neither agree nor disagree	Strongly disagree	Strongly disagree	Disagree	Strongly agree	Strongly agree	1	Disagree	Agree	15-30 min	Neither agree nor disagree	Disagree	2	0	Strongly disagree	4-6	1	3	Disagree
		IP Address		98	394	True		SYN_0292							anonymous	EN	I consent to participate in this study	63	Female	Doctorate	English		Native	Country C	Often	Almost never	Often	Never	Sometimes	Sometimes	Sometimes	Sometimes	Sometimes	Sometimes	Almost never	Always	Almost never	Disagree	Disagree	Neither agree nor disagree	Strongly disagree	Strongly disagree	Disagree	Neither agree nor disagree	Agree	Completely disagree	Strongly disagree	Agree	Strongly disagree	Strongly agree	Disagree	Completely agree	Completely disagree	Completely agree	Agree	Neither agree nor disagree	Disagree	Completely agree	Disagree	Completely disagree	Strongly disagree	Strongly agree	Strongly disagree	Strongly disagree	Agree	Strongly agree	Agree	prefer not to say	7-10	Neither agree nor disagree	Completely disagree	prefer not to say	Disagree	Completely agree	6-9	1.5	Agree	3	0.5	5	Neither agree nor disagree
		IP Address		96	1600	True		SYN_0293							anonymous	EN	I consent to participate in this study	59	Male	Bachelor's degree	English		Intermediate	Country B	Almost never	Almost never	Never	Often	Never	Almost never	Almost never	Sometimes	Sometimes	Sometimes	Never	Never	Almost never	Strongly disagree	Neither agree nor disagree	Disagree	Completely disagree	Completely disagree	Completely disagree	Completely disagree	Neither agree nor disagree	Completely disagree	Disagree	Neither agree nor disagree	Strongly disagree	Completely disagree	Disagree	Strongly disagree	Completely disagree	Agree	Completely disagree	Disagree	Disagree	Neither agree nor disagree	Completely disagree	Strongly disagree	Strongly disagree	Disagree	Agree		Disagree	Strongly agree	Completely disagree	Neither agree nor disagree	1	Disagree	Strongly agree	prefer not to say	Disagree	Neither agree nor disagree	6-9	2	Completely agree	1	6-9	4	Disagree
		IP Address		98	1004	True		SYN_0294							anonymous	EN	I consent to participate in this study	29	Prefer not to say	Bachelor's degree	Other		Native	Country B	Sometimes	Almost never	Often	Almost never	Almost never	Never	Almost never	Often	Almost never	Sometimes	Almost never	Never	Never	Strongly disagree	Strongly agree	Strongly disagree	Completely disagree	Strongly disagree	Completely agree	Completely disagree	Completely disagree	Completely disagree	Completely disagree	Completely disagree	Completely disagree	Completely disagree	Strongly agree	Completely agree	Strongly disagree	Strongly disagree	Neither agree nor disagree	Neither agree nor disagree	Disagree	Strongly disagree	Strongly agree	Disagree	Completely agree	Completely agree	Disagree	Strongly agree	Agree	Disagree	Strongly disagree	Completely disagree	1	Strongly agree	Strongly agree	30-60 min	Strongly disagree	Neither agree nor disagree	1	1.5	prefer not to say	2	0	5	Neither agree nor disagree
		IP Address		97	1188	True		SYN_0295							anonymous	EN	I consent to participate in this study	61	Male	Doctorate	Other		Intermediate	Country A	Often	Often	Never	Often	Sometimes	Never	Always	Sometimes	Always	Always	Often	Almost never	Never	Neither agree nor disagree	Strongly disagree	Neither agree nor disagree	Completely disagree	Agree	Strongly disagree	Disagree	Completely disagree	Neither agree nor disagree	Completely disagree	Disagree	Agree	Agree	Neither agree nor disagree	Strongly agree	Disagree	Disagree	Agree	Completely disagree	Disagree	Strongly agree	Disagree	Neither agree nor disagree	Completely agree	Agree	Completely disagree	Agree	Agree	Completely agree	Completely agree	Strongly agree	3	Agree	Neither agree nor disagree	60-90 min	Agree	prefer not to say	2	1	Strongly agree	3	1	2	Disagree
		IP Address		92	1396	True		SYN_0296							anonymous	EN	I consent to participate in this study	20	Female	Master's degree	Other		Intermediate	Country C	Sometimes	Sometimes	Never	Always	Often	Often	Never	Never	Almost never	Sometimes	Often	Never	Never	Disagree	Completely disagree	Disagree	Agree	Completely agree	Strongly disagree	Completely disagree	Strongly disagree	Disagree	Completely disagree	Strongly agree	Neither agree nor disagree	Neither agree nor disagree	Agree	Strongly disagree	Strongly agree	Disagree	Agree	Disagree	Strongly disagree	Disagree	Neither agree nor disagree	Neither agree nor disagree	Disagree	Strongly agree	Neither agree nor disagree	Strongly agree	Neither agree nor disagree	Agree	Neither agree nor disagree	Completely agree	4-6	Disagree	Completely agree	60-90 min	Completely disagree	Completely agree	2	0	Completely agree	4-6	6-9	0	Completely disagree
		IP Address		97	226	True		SYN_0297							anonymous	EN	I consent to participate in this study	65	Female	Bachelor's degree	Other		Advanced	Country B	Sometimes	Never	Often	Almost never	Sometimes	Sometimes	Sometimes	Almost never	Never	Never	Never	Never	Almost never	Strongly disagree	Completely agree	Neither agree nor disagree	Completely disagree	Agree	Agree	Disagree	Strongly disagree	Strongly disagree	Strongly disagree	Disagree	Completely disagree	Neither agree nor disagree	Neither agree nor disagree	Completely agree	Neither agree nor disagree	Completely disagree	Strongly disagree	Agree	Disagree	Completely disagree	Agree	Neither agree nor disagree	Strongly disagree	Completely disagree	Completely disagree	Neither agree nor disagree	Disagree	Completely disagree	Strongly disagree	prefer not to say	11 or more	Disagree	Neither agree nor disagree	15-30 min	Disagree	Strongly agree	0	2	Disagree	2	6-9	6 or more	Neither agree nor disagree
		IP Address		92	1043	True		SYN_0298							anonymous	EN	I consent to participate in this study	45	Female	Bachelor's degree	English		Elementary	Country C	Never	Always	Always	Always	Always	Often	Always	Often	Almost never	Often	Always	Almost never	Always	Disagree	Neither agree nor disagree	Completely agree	Agree	Strongly agree	Strongly agree	Completely agree	Disagree	Strongly agree	Agree	Neither agree nor disagree	Strongly agree	Completely agree	Strongly agree	Agree	Disagree	Strongly agree	Strongly disagree		Strongly disagree	Agree	Completely disagree	Strongly agree	Completely disagree	Completely agree		Completely disagree	Completely agree	Completely agree	Completely disagree	Agree	3	Disagree	Completely agree	prefer not to say	Neither agree nor disagree	Strongly disagree	10 or more	0	Completely disagree	1	10 or more	0	Neither agree nor disagree
		IP Address		92	829	True		SYN_0299							anonymous	EN	I consent to participate in this study	36	Prefer not to say	Bachelor's degree	English		Intermediate	Country A	Often	Always	Always	Sometimes	Sometimes	Often	Always	Often	Sometimes	Almost never	Sometimes	Almost never	Sometimes	Neither agree nor disagree	Agree	Completely agree	Disagree	Agree	Disagree	Disagree	Neither agree nor disagree	Neither agree nor disagree	Agree	Strongly agree	Agree	Strongly agree	Completely agree	Completely agree	Completely agree	Strongly agree	Completely agree	Strongly agree	Completely agree	Strongly agree	Completely agree	Completely agree	Agree	Agree	Completely agree	Strongly agree	Completely agree	prefer not to say	Agree	Strongly disagree	3	Agree	Disagree	2-3 hrs	Strongly disagree	Strongly agree	10 or more	0	Agree	3	2	6 or more	Completely disagree
		IP Address		94	620	True		SYN_0300							anonymous	EN	I consent to participate in this study	35	Male	Bachelor's degree	English		Elementary	Country B	Always	Sometimes	Always	Always	Often	Often	Always	Never	Never	Almost never	Never	Never	Almost never	Agree	Neither agree nor disagree	Neither agree nor disagree	Disagree	Strongly disagree	Neither agree nor disagree	Neither agree nor disagree	Neither agree nor disagree	Disagree	Disagree	Disagree	Completely disagree	Agree	Strongly agree	Disagree	Disagree	Completely agree	Disagree	Completely agree	Disagree	Disagree	Strongly agree	Strongly agree	Agree	Disagree	Agree	Strongly agree	Strongly disagree	Neither agree nor disagree	Completely agree	prefer not to say	1	Completely agree	Strongly agree	0-15 min	prefer not to say	Disagree	2	5 or more	Strongly disagree	0	2	1	Disagree
